Lat_Bin,Lon_Bin,Avg_Delivery_Time,Num_Challenging_Deliveries,Total_Deliveries,Percentage_Challenging
0.01,0.01,101.00634920634921,1,315,0.31746031746031744
0.02,0.02,99.62264150943396,1,318,0.3144654088050315
0.03,0.03,109.86138613861387,4,303,1.3201320132013201
0.04,0.04,120.40809968847353,10,321,3.115264797507788
0.05,0.05,108.5173501577287,5,317,1.5772870662460567
0.06,0.06,111.371875,3,320,0.9375
0.07,0.07,141.29192546583852,26,322,8.074534161490684
0.08,0.08,140.87622149837134,32,307,10.423452768729643
0.09,0.09,142.88615384615386,31,325,9.538461538461538
0.11,0.11,137.36875,19,320,5.9375
0.13,0.13,138.55351681957185,22,327,6.727828746177369
9.97,76.3,97.5,0,2,0.0
9.97,76.31,118.125,0,8,0.0
9.98,76.25,92.5,0,2,0.0
9.98,76.3,117.5,0,2,0.0
9.98,76.31,73.0,0,4,0.0
9.98,76.32,95.5,0,8,0.0
9.99,76.26,90.0,0,2,0.0
9.99,76.29,88.75,0,4,0.0
9.99,76.3,108.75,0,4,0.0
9.99,76.31,70.0,0,1,0.0
9.99,76.32,115.0,0,2,0.0
9.99,76.33,112.5,0,10,0.0
10.0,76.27,112.66666666666667,0,3,0.0
10.0,76.29,100.0,0,6,0.0
10.0,76.3,114.16666666666667,0,6,0.0
10.0,76.31,129.28571428571428,2,7,28.57142857142857
10.0,76.32,132.5,0,2,0.0
10.0,76.33,95.0,0,1,0.0
10.0,76.34,109.54545454545455,0,11,0.0
10.01,76.28,135.0,0,1,0.0
10.01,76.3,100.25,0,4,0.0
10.01,76.31,106.0,0,6,0.0
10.01,76.32,125.0,0,6,0.0
10.01,76.33,105.0,0,2,0.0
10.01,76.34,141.25,0,4,0.0
10.01,76.35,102.0,0,10,0.0
10.01,76.36,111.25,0,4,0.0
10.02,76.29,88.75,0,4,0.0
10.02,76.31,120.83333333333333,0,6,0.0
10.02,76.32,131.66666666666666,0,6,0.0
10.02,76.33,117.88888888888889,0,9,0.0
10.02,76.34,135.0,0,4,0.0
10.02,76.35,104.5,0,4,0.0
10.02,76.36,83.64285714285714,0,14,0.0
10.02,76.37,127.5,0,2,0.0
10.03,76.3,141.66666666666666,0,3,0.0
10.03,76.32,113.33333333333333,0,9,0.0
10.03,76.33,101.25,0,4,0.0
10.03,76.34,114.375,0,8,0.0
10.03,76.35,104.66666666666667,0,3,0.0
10.03,76.36,135.0,0,3,0.0
10.03,76.37,106.76923076923077,1,13,7.6923076923076925
10.03,76.38,145.0,0,3,0.0
10.04,76.31,126.66666666666667,0,3,0.0
10.04,76.32,107.5,1,10,10.0
10.04,76.33,86.8,0,10,0.0
10.04,76.34,127.0,0,5,0.0
10.04,76.35,129.5,0,10,0.0
10.04,76.36,127.5,0,4,0.0
10.04,76.37,140.0,0,2,0.0
10.04,76.38,139.64285714285714,0,14,0.0
10.04,76.39,172.5,0,2,0.0
10.05,76.32,151.25,0,4,0.0
10.05,76.33,107.77777777777777,0,9,0.0
10.05,76.34,105.9090909090909,1,11,9.090909090909092
10.05,76.35,133.0,0,8,0.0
10.05,76.36,117.0,0,12,0.0
10.05,76.37,195.0,0,1,0.0
10.05,76.38,68.5,0,2,0.0
10.05,76.39,160.0,1,15,6.666666666666667
10.05,76.4,102.5,0,2,0.0
10.06,76.33,145.0,1,4,25.0
10.06,76.34,106.25,0,8,0.0
10.06,76.35,134.375,1,8,12.5
10.06,76.36,132.08333333333334,0,12,0.0
10.06,76.37,135.5,1,8,12.5
10.06,76.38,128.0,0,4,0.0
10.06,76.4,142.0,1,5,20.0
10.06,76.41,127.5,0,4,0.0
10.07,76.35,109.0,0,11,0.0
10.07,76.36,155.55555555555554,2,9,22.22222222222222
10.07,76.37,128.88888888888889,0,9,0.0
10.07,76.38,130.55555555555554,0,9,0.0
10.07,76.4,162.5,0,2,0.0
10.07,76.41,148.58333333333334,1,12,8.333333333333332
10.07,76.42,96.66666666666667,0,3,0.0
10.08,76.35,116.0,0,3,0.0
10.08,76.36,71.66666666666667,0,9,0.0
10.08,76.37,116.11111111111111,1,9,11.11111111111111
10.08,76.38,155.71428571428572,1,7,14.285714285714285
10.08,76.39,147.0,0,5,0.0
10.08,76.4,111.66666666666667,0,3,0.0
10.08,76.42,125.0,0,4,0.0
10.08,76.43,200.0,1,3,33.33333333333333
10.09,76.37,97.55555555555556,0,9,0.0
10.09,76.38,128.33333333333334,0,3,0.0
10.09,76.39,150.83333333333334,1,6,16.666666666666664
10.09,76.4,137.0,1,5,20.0
10.09,76.42,149.0,1,2,50.0
10.09,76.43,130.6153846153846,1,13,7.6923076923076925
10.09,76.44,151.66666666666666,0,3,0.0
10.1,76.37,80.0,0,3,0.0
10.1,76.38,140.44444444444446,1,9,11.11111111111111
10.1,76.39,130.8181818181818,0,11,0.0
10.1,76.4,153.33333333333334,0,6,0.0
10.1,76.41,139.66666666666666,1,3,33.33333333333333
10.1,76.42,115.0,0,3,0.0
10.1,76.44,141.25,0,4,0.0
10.11,76.39,117.77777777777777,0,9,0.0
10.11,76.4,120.0,0,2,0.0
10.11,76.41,140.0,0,7,0.0
10.11,76.42,159.28571428571428,0,7,0.0
10.11,76.45,186.25,2,4,50.0
10.11,76.46,165.0,2,4,50.0
10.12,76.4,143.6,1,10,10.0
10.12,76.41,167.5,0,6,0.0
10.12,76.42,123.2,0,5,0.0
10.12,76.43,170.0,0,2,0.0
10.12,76.46,121.25,0,4,0.0
10.13,76.42,190.0,1,2,50.0
10.13,76.43,107.66666666666667,0,3,0.0
10.13,76.44,75.33333333333333,0,3,0.0
10.13,76.48,130.0,0,1,0.0
10.14,76.42,143.5,0,10,0.0
10.14,76.48,138.75,1,4,25.0
10.15,76.44,145.0,1,4,25.0
10.15,76.45,121.66666666666667,0,3,0.0
10.16,76.44,152.72727272727272,1,11,9.090909090909092
10.17,76.47,165.0,0,4,0.0
10.97,76.98,103.3076923076923,0,13,0.0
10.98,76.99,96.33333333333333,1,12,8.333333333333332
10.99,77.0,113.33333333333333,0,12,0.0
11.0,76.97,107.33333333333333,0,12,0.0
11.0,77.01,110.35714285714286,0,14,0.0
11.01,76.98,111.92857142857143,1,14,7.142857142857142
11.01,76.99,94.30555555555556,0,72,0.0
11.01,77.0,110.23529411764706,1,17,5.88235294117647
11.01,77.02,117.85714285714286,0,14,0.0
11.02,76.96,98.23076923076923,0,26,0.0
11.02,76.99,114.17241379310344,1,29,3.4482758620689653
11.02,77.0,106.47142857142858,0,70,0.0
11.02,77.01,97.85714285714286,0,14,0.0
11.02,77.03,85.64285714285714,0,14,0.0
11.03,76.95,105.0,0,14,0.0
11.03,76.97,104.26666666666667,0,30,0.0
11.03,76.98,111.81818181818181,0,11,0.0
11.03,77.0,118.10344827586206,0,29,0.0
11.03,77.01,103.84297520661157,1,121,0.8264462809917356
11.03,77.02,114.67857142857143,1,28,3.571428571428571
11.03,77.04,138.92857142857142,1,14,7.142857142857142
11.04,76.95,103.92857142857143,0,14,0.0
11.04,76.96,100.875,0,16,0.0
11.04,76.98,109.84615384615384,1,26,3.8461538461538463
11.04,76.99,88.0,0,15,0.0
11.04,77.01,111.125,0,24,0.0
11.04,77.02,113.56589147286822,0,129,0.0
11.04,77.03,114.58333333333333,0,36,0.0
11.04,77.05,155.3846153846154,3,13,23.076923076923077
11.05,76.96,92.66666666666667,0,15,0.0
11.05,76.97,114.23076923076923,0,13,0.0
11.05,76.99,132.03703703703704,0,27,0.0
11.05,77.0,105.71428571428571,0,14,0.0
11.05,77.02,127.34482758620689,2,29,6.896551724137931
11.05,77.03,116.5223880597015,3,134,2.2388059701492535
11.05,77.04,99.04651162790698,0,43,0.0
11.05,77.06,114.42857142857143,0,14,0.0
11.06,76.97,105.8125,0,16,0.0
11.06,76.98,131.875,0,16,0.0
11.06,77.0,121.58620689655173,1,29,3.4482758620689653
11.06,77.01,105.45454545454545,0,11,0.0
11.06,77.03,113.0,1,26,3.8461538461538463
11.06,77.04,114.52459016393442,3,122,2.459016393442623
11.06,77.05,117.4888888888889,0,45,0.0
11.07,76.98,129.33333333333334,0,15,0.0
11.07,76.99,94.58333333333333,0,12,0.0
11.07,77.01,119.70370370370371,2,27,7.4074074074074066
11.07,77.02,110.53846153846153,0,13,0.0
11.07,77.04,119.13793103448276,2,29,6.896551724137931
11.07,77.05,127.57364341085271,7,129,5.426356589147287
11.07,77.06,126.36363636363636,2,44,4.545454545454546
11.07,77.08,149.86666666666667,1,15,6.666666666666667
11.08,76.99,109.8,0,15,0.0
11.08,77.0,104.35714285714286,0,14,0.0
11.08,77.02,164.25,6,28,21.428571428571427
11.08,77.03,108.25,0,16,0.0
11.08,77.05,152.4,5,30,16.666666666666664
11.08,77.06,128.86290322580646,7,124,5.64516129032258
11.08,77.07,113.95454545454545,2,44,4.545454545454546
11.09,77.0,109.0909090909091,0,11,0.0
11.09,77.01,147.85714285714286,3,14,21.428571428571427
11.09,77.03,158.07692307692307,3,26,11.538461538461538
11.09,77.04,156.72727272727272,1,11,9.090909090909092
11.09,77.06,140.8,1,15,6.666666666666667
11.09,77.07,145.7642276422764,9,123,7.317073170731707
11.09,77.08,127.51219512195122,1,41,2.4390243902439024
11.09,77.1,120.08333333333333,0,12,0.0
11.1,77.01,163.92857142857142,2,14,14.285714285714285
11.1,77.02,158.75,0,12,0.0
11.1,77.04,153.06451612903226,2,31,6.451612903225806
11.1,77.05,147.08333333333334,0,12,0.0
11.1,77.07,124.34375,0,32,0.0
11.1,77.08,143.48,5,50,10.0
11.1,77.09,132.3448275862069,2,29,6.896551724137931
11.11,77.02,140.3846153846154,2,13,15.384615384615385
11.11,77.03,134.0,2,12,16.666666666666664
11.11,77.06,152.33333333333334,0,15,0.0
11.11,77.09,141.91071428571428,9,112,8.035714285714286
11.11,77.1,141.34782608695653,2,46,4.3478260869565215
11.12,77.03,140.25,2,16,12.5
11.12,77.06,139.25925925925927,3,27,11.11111111111111
11.12,77.09,150.53571428571428,3,28,10.714285714285714
11.12,77.11,126.33333333333333,0,15,0.0
11.13,77.05,157.77777777777777,1,9,11.11111111111111
11.13,77.08,141.57142857142858,0,14,0.0
11.13,77.11,141.96153846153845,14,130,10.76923076923077
11.13,77.12,137.48275862068965,1,29,3.4482758620689653
11.14,77.05,170.91666666666666,4,12,33.33333333333333
11.14,77.08,170.85714285714286,6,28,21.428571428571427
11.14,77.11,127.0909090909091,0,11,0.0
11.14,77.13,147.44444444444446,2,18,11.11111111111111
11.15,77.07,136.2,2,15,13.333333333333334
11.15,77.1,121.07692307692308,0,13,0.0
11.15,77.13,155.47272727272727,7,55,12.727272727272727
11.15,77.14,145.86666666666667,0,15,0.0
11.16,77.07,175.76923076923077,2,13,15.384615384615385
11.16,77.15,139.91666666666666,1,12,8.333333333333332
12.29,76.64,108.75,0,16,0.0
12.3,76.65,98.84615384615384,0,13,0.0
12.31,76.65,88.36,0,25,0.0
12.31,76.66,100.71428571428571,0,14,0.0
12.31,76.68,106.66666666666667,0,15,0.0
12.32,76.66,112.825,2,40,5.0
12.32,76.67,108.26086956521739,2,23,8.695652173913043
12.32,76.68,87.375,0,16,0.0
12.32,76.69,101.61538461538461,1,13,7.6923076923076925
12.33,76.61,103.33333333333333,0,9,0.0
12.33,76.63,86.5,0,16,0.0
12.33,76.64,110.28070175438596,1,57,1.7543859649122806
12.33,76.67,117.6923076923077,1,39,2.564102564102564
12.33,76.68,102.96666666666667,0,30,0.0
12.33,76.69,96.375,0,16,0.0
12.33,76.7,105.38461538461539,0,13,0.0
12.34,76.62,89.84615384615384,0,13,0.0
12.34,76.63,101.25,1,28,3.571428571428571
12.34,76.64,92.07407407407408,0,27,0.0
12.34,76.65,99.15094339622641,0,53,0.0
12.34,76.68,121.38297872340425,3,47,6.382978723404255
12.34,76.69,106.83333333333333,0,30,0.0
12.34,76.7,102.9375,0,16,0.0
12.34,76.71,107.14285714285714,1,14,7.142857142857142
12.35,76.63,100.76923076923077,0,39,0.0
12.35,76.64,89.125,0,24,0.0
12.35,76.65,103.14814814814815,0,27,0.0
12.35,76.66,111.26666666666667,1,60,1.6666666666666667
12.35,76.69,108.13157894736842,1,38,2.631578947368421
12.35,76.7,130.46666666666667,3,30,10.0
12.35,76.71,118.76470588235294,1,17,5.88235294117647
12.35,76.72,124.75,1,12,8.333333333333332
12.36,76.62,113.75,0,16,0.0
12.36,76.64,105.56818181818181,0,44,0.0
12.36,76.65,105.34482758620689,0,29,0.0
12.36,76.66,118.39285714285714,1,28,3.571428571428571
12.36,76.67,116.234375,1,64,1.5625
12.36,76.7,115.15384615384616,1,39,2.564102564102564
12.36,76.71,127.10714285714286,0,28,0.0
12.36,76.72,108.11111111111111,0,18,0.0
12.36,76.73,106.66666666666667,0,12,0.0
12.37,76.63,125.76923076923077,0,13,0.0
12.37,76.65,105.02380952380952,0,42,0.0
12.37,76.66,106.57142857142857,0,28,0.0
12.37,76.67,122.04,2,25,8.0
12.37,76.68,108.42372881355932,0,59,0.0
12.37,76.71,126.1951219512195,4,41,9.75609756097561
12.37,76.72,133.9655172413793,3,29,10.344827586206897
12.37,76.73,100.3,0,10,0.0
12.37,76.74,136.78571428571428,0,14,0.0
12.38,76.64,106.08333333333333,0,12,0.0
12.38,76.66,121.07317073170732,0,41,0.0
12.38,76.67,102.76923076923077,1,26,3.8461538461538463
12.38,76.68,92.61538461538461,0,26,0.0
12.38,76.69,114.0,3,57,5.263157894736842
12.38,76.72,122.5952380952381,2,42,4.761904761904762
12.38,76.73,133.23076923076923,1,13,7.6923076923076925
12.38,76.74,121.81818181818181,1,11,9.090909090909092
12.38,76.75,151.7,0,10,0.0
12.39,76.65,140.0,1,12,8.333333333333332
12.39,76.67,135.0681818181818,3,44,6.8181818181818175
12.39,76.68,107.85185185185185,1,27,3.7037037037037033
12.39,76.69,125.68,2,25,8.0
12.39,76.7,147.01694915254237,7,59,11.864406779661017
12.39,76.73,149.79545454545453,8,44,18.181818181818183
12.39,76.74,167.8,3,25,12.0
12.39,76.75,133.46153846153845,1,13,7.6923076923076925
12.39,76.76,160.5,1,14,7.142857142857142
12.4,76.66,98.66666666666667,0,15,0.0
12.4,76.68,125.67391304347827,1,46,2.1739130434782608
12.4,76.69,142.24137931034483,0,29,0.0
12.4,76.7,146.07142857142858,2,28,7.142857142857142
12.4,76.71,143.03508771929825,5,57,8.771929824561402
12.4,76.74,131.1818181818182,0,11,0.0
12.4,76.75,125.33333333333333,1,15,6.666666666666667
12.4,76.76,119.07142857142857,1,14,7.142857142857142
12.41,76.67,122.07692307692308,0,13,0.0
12.41,76.69,157.175,7,40,17.5
12.41,76.7,157.40740740740742,1,27,3.7037037037037033
12.41,76.71,144.57142857142858,5,28,17.857142857142858
12.41,76.72,138.22448979591837,6,49,12.244897959183673
12.41,76.75,154.71428571428572,2,21,9.523809523809524
12.41,76.76,154.8,1,15,6.666666666666667
12.41,76.78,136.92307692307693,1,13,7.6923076923076925
12.42,76.68,143.92857142857142,2,14,14.285714285714285
12.42,76.7,103.21428571428571,0,28,0.0
12.42,76.71,141.59259259259258,2,27,7.4074074074074066
12.42,76.72,122.92857142857143,1,14,7.142857142857142
12.42,76.76,139.44444444444446,1,9,11.11111111111111
12.42,76.77,145.0,2,15,13.333333333333334
12.42,76.78,125.66666666666667,1,15,6.666666666666667
12.43,76.69,125.375,1,16,6.25
12.43,76.71,134.88636363636363,3,44,6.8181818181818175
12.43,76.73,145.21428571428572,3,14,21.428571428571427
12.43,76.74,148.35416666666666,6,48,12.5
12.43,76.77,149.04166666666666,2,24,8.333333333333332
12.43,76.8,117.76470588235294,0,17,0.0
12.44,76.7,145.66666666666666,1,15,6.666666666666667
12.44,76.73,132.03703703703704,2,27,7.4074074074074066
12.44,76.74,120.0,0,13,0.0
12.44,76.78,146.36363636363637,0,11,0.0
12.44,76.79,138.75,1,12,8.333333333333332
12.44,76.8,137.5,1,14,7.142857142857142
12.45,76.73,136.92857142857142,7,42,16.666666666666664
12.45,76.75,128.28571428571428,1,14,7.142857142857142
12.45,76.76,126.32786885245902,2,61,3.278688524590164
12.46,76.72,145.5625,2,16,12.5
12.46,76.75,120.42307692307692,1,26,3.8461538461538463
12.46,76.76,143.2,2,15,13.333333333333334
12.47,76.75,134.14285714285714,1,28,3.571428571428571
12.48,76.74,153.63636363636363,2,11,18.181818181818183
12.92,77.61,102.5625,0,16,0.0
12.92,77.69,96.26923076923077,0,26,0.0
12.93,77.62,91.9,0,10,0.0
12.93,77.7,98.66666666666667,0,27,0.0
12.94,77.62,108.125,0,16,0.0
12.94,77.63,104.17543859649123,0,57,0.0
12.94,77.71,117.33333333333333,0,30,0.0
12.95,77.62,105.71428571428571,0,14,0.0
12.95,77.63,98.9375,0,16,0.0
12.95,77.64,117.83561643835617,2,73,2.73972602739726
12.95,77.72,115.47826086956522,0,23,0.0
12.96,77.63,90.46666666666667,0,15,0.0
12.96,77.64,137.66666666666666,1,15,6.666666666666667
12.96,77.65,110.734375,1,64,1.5625
12.96,77.71,94.53333333333333,1,15,6.666666666666667
12.96,77.73,128.26923076923077,3,26,11.538461538461538
12.97,77.64,129.58333333333334,0,12,0.0
12.97,77.65,133.23529411764707,1,17,5.88235294117647
12.97,77.66,117.14925373134328,0,67,0.0
12.97,77.72,91.53333333333333,0,15,0.0
12.97,77.74,105.45454545454545,1,22,4.545454545454546
12.98,77.61,87.5,0,10,0.0
12.98,77.62,110.0,0,15,0.0
12.98,77.65,112.0,0,12,0.0
12.98,77.66,106.89473684210526,0,38,0.0
12.98,77.67,117.81818181818181,1,66,1.5151515151515151
12.98,77.73,123.0,0,15,0.0
12.98,77.75,156.76,4,25,16.0
12.98,80.26,92.0,0,11,0.0
12.99,77.62,108.84615384615384,0,13,0.0
12.99,77.63,102.28571428571429,0,14,0.0
12.99,77.65,102.375,0,56,0.0
12.99,77.66,125.35714285714286,0,14,0.0
12.99,77.67,110.23255813953489,0,43,0.0
12.99,77.68,112.98571428571428,3,70,4.285714285714286
12.99,77.71,110.6875,1,16,6.25
12.99,77.74,116.875,0,16,0.0
12.99,77.76,145.0,3,30,10.0
12.99,80.23,103.15384615384616,0,13,0.0
12.99,80.24,101.46666666666667,0,15,0.0
12.99,80.27,107.0,0,15,0.0
13.0,77.63,121.47058823529412,0,17,0.0
13.0,77.64,119.66666666666667,1,15,6.666666666666667
13.0,77.66,101.78947368421052,0,57,0.0
13.0,77.67,107.5,0,12,0.0
13.0,77.68,128.66666666666666,1,45,2.2222222222222223
13.0,77.69,140.90625,5,64,7.8125
13.0,77.72,87.0,0,14,0.0
13.0,77.75,108.07692307692308,0,13,0.0
13.0,77.77,129.48275862068965,1,29,3.4482758620689653
13.0,80.23,107.58333333333333,0,12,0.0
13.0,80.24,104.375,0,16,0.0
13.0,80.25,89.26666666666667,0,15,0.0
13.0,80.28,123.07692307692308,0,13,0.0
13.01,77.64,127.5,1,14,7.142857142857142
13.01,77.65,129.46153846153845,1,13,7.6923076923076925
13.01,77.67,113.42857142857143,0,56,0.0
13.01,77.68,130.73333333333332,0,15,0.0
13.01,77.69,123.51162790697674,1,43,2.3255813953488373
13.01,77.7,143.0,6,50,12.0
13.01,77.73,99.0,0,12,0.0
13.01,77.76,109.0,1,13,7.6923076923076925
13.01,80.24,94.16666666666667,0,12,0.0
13.01,80.25,108.66666666666667,0,12,0.0
13.01,80.26,126.25,0,8,0.0
13.01,80.29,138.30769230769232,1,13,7.6923076923076925
13.02,77.65,95.07142857142857,0,14,0.0
13.02,77.66,113.21428571428571,0,14,0.0
13.02,77.68,117.77049180327869,1,61,1.639344262295082
13.02,77.69,143.07692307692307,0,13,0.0
13.02,77.7,118.36585365853658,2,41,4.878048780487805
13.02,77.71,145.95652173913044,6,69,8.695652173913043
13.02,77.74,106.18181818181819,0,11,0.0
13.02,77.77,153.5,1,16,6.25
13.02,77.79,122.14285714285714,3,28,10.714285714285714
13.02,80.25,103.66666666666667,0,15,0.0
13.02,80.26,108.57142857142857,1,28,3.571428571428571
13.02,80.27,132.92857142857142,0,14,0.0
13.02,80.3,121.78571428571429,0,14,0.0
13.03,77.66,112.46153846153847,1,13,7.6923076923076925
13.03,77.67,91.84615384615384,0,13,0.0
13.03,77.69,106.625,1,56,1.7857142857142856
13.03,77.7,131.16666666666666,0,12,0.0
13.03,77.71,106.13793103448276,1,29,3.4482758620689653
13.03,77.72,163.125,2,16,12.5
13.03,77.75,103.125,0,16,0.0
13.03,77.78,149.5,1,14,7.142857142857142
13.03,80.25,102.63636363636364,0,11,0.0
13.03,80.26,105.0,0,14,0.0
13.03,80.27,111.53333333333333,2,30,6.666666666666667
13.03,80.28,99.75,0,12,0.0
13.03,80.31,105.66666666666667,0,15,0.0
13.04,77.58,77.82352941176471,0,17,0.0
13.04,77.67,141.35714285714286,1,14,7.142857142857142
13.04,77.68,117.92857142857143,0,14,0.0
13.04,77.7,115.35185185185185,0,54,0.0
13.04,77.72,134.825,3,40,7.5
13.04,77.73,149.67241379310346,5,58,8.620689655172415
13.04,77.76,109.0625,0,16,0.0
13.04,77.79,138.2,1,15,6.666666666666667
13.04,77.81,120.72413793103448,1,29,3.4482758620689653
13.04,80.18,107.36363636363636,1,11,9.090909090909092
13.04,80.22,104.33333333333333,0,12,0.0
13.04,80.26,106.79310344827586,0,29,0.0
13.04,80.27,104.0909090909091,0,11,0.0
13.04,80.28,102.48387096774194,1,31,3.225806451612903
13.04,80.29,110.76923076923077,0,26,0.0
13.04,80.32,151.33333333333334,1,15,6.666666666666667
13.05,77.59,104.94117647058823,0,17,0.0
13.05,77.68,144.33333333333334,1,15,6.666666666666667
13.05,77.69,118.42857142857143,0,14,0.0
13.05,77.71,147.03571428571428,7,56,12.5
13.05,77.72,156.66666666666666,1,12,8.333333333333332
13.05,77.73,141.0,2,29,6.896551724137931
13.05,77.74,124.38461538461539,0,13,0.0
13.05,77.77,154.28571428571428,3,14,21.428571428571427
13.05,80.19,106.07142857142857,0,14,0.0
13.05,80.23,97.06666666666666,0,15,0.0
13.05,80.27,108.5609756097561,0,41,0.0
13.05,80.28,119.0,0,17,0.0
13.05,80.29,131.86206896551724,0,29,0.0
13.05,80.3,124.6875,1,32,3.125
13.05,80.33,149.33333333333334,2,15,13.333333333333334
13.06,77.6,83.93333333333334,0,15,0.0
13.06,77.69,134.5,1,10,10.0
13.06,77.7,117.71428571428571,1,14,7.142857142857142
13.06,77.72,146.47540983606558,3,61,4.918032786885246
13.06,77.74,157.72727272727272,2,44,4.545454545454546
13.06,77.75,141.6578947368421,2,38,5.263157894736842
13.06,77.78,123.57142857142857,0,14,0.0
13.06,77.81,150.71428571428572,0,14,0.0
13.06,80.2,91.41666666666667,0,12,0.0
13.06,80.24,105.37037037037037,0,27,0.0
13.06,80.25,117.3076923076923,0,13,0.0
13.06,80.27,107.6,1,15,6.666666666666667
13.06,80.28,121.475,1,40,2.5
13.06,80.29,153.46153846153845,1,13,7.6923076923076925
13.06,80.3,124.875,3,32,9.375
13.06,80.31,117.68181818181819,0,22,0.0
13.06,80.34,142.5,2,14,14.285714285714285
13.07,77.61,108.85714285714286,1,14,7.142857142857142
13.07,77.73,140.0,3,52,5.769230769230769
13.07,77.74,155.66666666666666,1,15,6.666666666666667
13.07,77.76,169.0,2,11,18.181818181818183
13.07,77.79,127.5625,0,16,0.0
13.07,80.21,128.8,0,15,0.0
13.07,80.25,104.04761904761905,0,42,0.0
13.07,80.26,110.0,0,14,0.0
13.07,80.27,68.92307692307692,0,13,0.0
13.07,80.28,113.76923076923077,0,13,0.0
13.07,80.29,122.025,1,40,2.5
13.07,80.3,145.93333333333334,3,15,20.0
13.07,80.31,117.03448275862068,0,29,0.0
13.07,80.32,115.28571428571429,0,28,0.0
13.08,77.62,108.53333333333333,0,15,0.0
13.08,77.71,132.63636363636363,0,11,0.0
13.08,77.72,135.26666666666668,2,15,13.333333333333334
13.08,77.76,154.34615384615384,2,26,7.6923076923076925
13.08,77.83,146.53846153846155,1,13,7.6923076923076925
13.08,80.22,109.53333333333333,0,15,0.0
13.08,80.26,111.67796610169492,0,59,0.0
13.08,80.27,115.0,1,15,6.666666666666667
13.08,80.28,86.07692307692308,0,13,0.0
13.08,80.29,120.76923076923077,0,13,0.0
13.08,80.3,105.16279069767442,0,43,0.0
13.08,80.31,159.0909090909091,0,11,0.0
13.08,80.32,136.8181818181818,0,11,0.0
13.08,80.33,98.5,0,14,0.0
13.08,80.36,134.41666666666666,1,12,8.333333333333332
13.09,77.63,119.33333333333333,1,15,6.666666666666667
13.09,77.75,145.1639344262295,4,61,6.557377049180328
13.09,77.81,130.86666666666667,2,15,13.333333333333334
13.09,80.23,129.64285714285714,1,14,7.142857142857142
13.09,80.26,117.81818181818181,0,11,0.0
13.09,80.27,108.04,0,50,0.0
13.09,80.28,106.42857142857143,0,14,0.0
13.09,80.29,148.84615384615384,0,13,0.0
13.09,80.3,128.5,2,14,14.285714285714285
13.09,80.31,113.1,2,40,5.0
13.09,80.33,139.75,3,28,10.714285714285714
13.09,80.34,126.8,1,30,3.3333333333333335
13.1,77.64,154.23076923076923,0,13,0.0
13.1,77.73,145.0,1,9,11.11111111111111
13.1,77.74,151.07142857142858,0,14,0.0
13.1,77.78,139.58620689655172,3,29,10.344827586206897
13.1,80.23,100.27586206896552,0,29,0.0
13.1,80.24,160.3846153846154,1,13,7.6923076923076925
13.1,80.27,102.85714285714286,0,14,0.0
13.1,80.28,126.54237288135593,2,59,3.389830508474576
13.1,80.29,113.82352941176471,0,17,0.0
13.1,80.3,134.3846153846154,1,13,7.6923076923076925
13.1,80.31,104.28571428571429,0,14,0.0
13.1,80.32,118.77777777777777,2,36,5.555555555555555
13.1,80.33,150.33333333333334,4,15,26.666666666666668
13.1,80.34,158.0,0,15,0.0
13.1,80.35,183.21428571428572,4,14,28.57142857142857
13.1,80.38,130.0,1,17,5.88235294117647
13.11,77.65,169.06666666666666,3,15,20.0
13.11,77.77,148.29090909090908,4,55,7.2727272727272725
13.11,77.83,130.3846153846154,1,13,7.6923076923076925
13.11,80.24,86.62068965517241,0,29,0.0
13.11,80.25,153.83333333333334,1,12,8.333333333333332
13.11,80.28,101.33333333333333,0,12,0.0
13.11,80.29,124.8688524590164,3,61,4.918032786885246
13.11,80.3,126.91666666666667,1,12,8.333333333333332
13.11,80.31,102.94117647058823,1,17,5.88235294117647
13.11,80.32,121.5,0,10,0.0
13.11,80.33,150.12820512820514,3,39,7.6923076923076925
13.11,80.35,133.9,1,10,10.0
13.11,80.36,143.41379310344828,3,29,10.344827586206897
13.12,77.66,121.28571428571429,1,14,7.142857142857142
13.12,80.25,115.5909090909091,0,22,0.0
13.12,80.26,156.0,2,15,13.333333333333334
13.12,80.29,115.16666666666667,1,18,5.555555555555555
13.12,80.3,125.03921568627452,3,51,5.88235294117647
13.12,80.31,127.0625,2,16,12.5
13.12,80.32,126.25,0,16,0.0
13.12,80.33,148.27272727272728,2,11,18.181818181818183
13.12,80.34,172.5,6,26,23.076923076923077
13.12,80.35,132.21428571428572,1,14,7.142857142857142
13.12,80.36,155.0,1,12,8.333333333333332
13.12,80.37,123.54545454545455,1,11,9.090909090909092
13.13,80.26,133.1304347826087,1,23,4.3478260869565215
13.13,80.3,108.18181818181819,0,11,0.0
13.13,80.31,123.0,2,43,4.651162790697675
13.13,80.32,153.71428571428572,2,14,14.285714285714285
13.13,80.33,143.125,1,16,6.25
13.13,80.34,123.33333333333333,0,12,0.0
13.13,80.35,120.58333333333333,1,24,4.166666666666666
13.14,77.68,172.5,4,14,28.57142857142857
13.14,80.27,102.78260869565217,0,23,0.0
13.14,80.28,179.16666666666666,3,12,25.0
13.14,80.31,123.0,1,13,7.6923076923076925
13.14,80.32,148.43396226415095,6,53,11.320754716981133
13.14,80.33,131.125,1,16,6.25
13.14,80.34,166.66666666666666,2,12,16.666666666666664
13.14,80.35,142.33333333333334,1,15,6.666666666666667
13.14,80.36,126.21428571428571,0,14,0.0
13.14,80.38,159.92307692307693,3,13,23.076923076923077
13.14,80.39,145.71428571428572,1,14,7.142857142857142
13.15,80.28,110.43478260869566,0,23,0.0
13.15,80.32,154.33333333333334,2,15,13.333333333333334
13.15,80.33,154.13793103448276,4,29,13.793103448275861
13.15,80.35,137.22222222222223,1,18,5.555555555555555
13.15,80.37,131.0,2,27,7.4074074074074066
13.16,77.7,164.6153846153846,1,13,7.6923076923076925
13.16,80.29,155.61290322580646,5,31,16.129032258064516
13.16,80.3,131.66666666666666,2,12,16.666666666666664
13.16,80.33,139.85714285714286,2,14,14.285714285714285
13.16,80.34,130.02564102564102,0,39,0.0
13.16,80.35,138.92307692307693,1,13,7.6923076923076925
13.16,80.37,157.8125,2,16,12.5
13.16,80.38,153.0,2,13,15.384615384615385
13.16,80.41,146.07692307692307,3,13,23.076923076923077
13.17,80.3,122.39285714285714,3,28,10.714285714285714
13.17,80.34,153.23076923076923,2,13,15.384615384615385
13.17,80.35,135.35714285714286,0,14,0.0
13.17,80.37,152.5,2,16,12.5
13.17,80.39,188.0,2,10,20.0
13.18,80.31,147.0,2,27,7.4074074074074066
13.18,80.36,152.03703703703704,3,27,11.11111111111111
13.18,80.37,144.64285714285714,1,14,7.142857142857142
13.18,80.39,126.15384615384616,0,13,0.0
13.19,80.36,147.85714285714286,0,14,0.0
13.19,80.37,126.18181818181819,1,11,9.090909090909092
13.19,80.39,150.27777777777777,2,18,11.11111111111111
13.2,80.33,156.6153846153846,2,26,7.6923076923076925
13.2,80.38,150.0,2,15,13.333333333333334
13.21,80.38,127.5,1,16,6.25
13.22,80.35,138.66666666666666,3,24,12.5
15.17,73.96,80.0,0,1,0.0
15.18,73.97,126.25,0,4,0.0
15.19,73.98,96.5,0,4,0.0
15.2,73.99,101.66666666666667,0,3,0.0
15.21,74.0,141.66666666666666,0,3,0.0
15.22,74.01,91.25,0,4,0.0
15.23,74.02,120.0,0,4,0.0
15.24,74.03,155.0,0,3,0.0
15.25,74.04,138.25,0,4,0.0
15.27,74.06,120.0,0,2,0.0
15.29,74.08,182.5,0,4,0.0
15.31,73.92,96.25,0,4,0.0
15.32,73.93,136.25,0,4,0.0
15.33,73.94,145.0,1,3,33.33333333333333
15.34,73.95,85.66666666666667,0,3,0.0
15.35,73.96,120.0,0,4,0.0
15.36,73.97,137.5,0,4,0.0
15.37,73.98,140.0,0,2,0.0
15.38,73.99,151.25,0,4,0.0
15.39,74.0,132.5,0,4,0.0
15.41,74.02,158.75,0,4,0.0
15.43,74.04,201.66666666666666,1,3,33.33333333333333
15.5,73.84,146.66666666666666,1,3,33.33333333333333
15.51,73.84,93.5,0,8,0.0
15.51,73.85,93.33333333333333,0,3,0.0
15.52,73.78,132.5,0,4,0.0
15.52,73.79,106.66666666666667,0,3,0.0
15.52,73.85,114.28571428571429,0,7,0.0
15.52,73.86,107.5,0,4,0.0
15.53,73.78,93.33333333333333,0,3,0.0
15.53,73.79,126.25,0,4,0.0
15.53,73.8,143.33333333333334,0,3,0.0
15.53,73.86,125.0,0,6,0.0
15.53,73.87,92.5,0,4,0.0
15.54,73.79,81.66666666666667,0,3,0.0
15.54,73.8,131.25,0,4,0.0
15.54,73.81,132.5,0,4,0.0
15.54,73.87,67.83333333333333,0,6,0.0
15.54,73.88,90.66666666666667,0,3,0.0
15.55,73.77,75.0,0,1,0.0
15.55,73.8,151.25,0,4,0.0
15.55,73.81,98.33333333333333,0,3,0.0
15.55,73.82,117.5,0,2,0.0
15.55,73.88,125.71428571428571,0,7,0.0
15.55,73.89,121.25,0,4,0.0
15.56,73.77,125.0,0,3,0.0
15.56,73.78,115.0,0,2,0.0
15.56,73.81,120.0,0,2,0.0
15.56,73.82,110.0,0,4,0.0
15.56,73.83,142.5,1,4,25.0
15.56,73.89,118.57142857142857,0,7,0.0
15.56,73.9,155.0,1,3,33.33333333333333
15.57,73.76,92.5,0,6,0.0
15.57,73.77,66.0,0,3,0.0
15.57,73.78,98.75,0,4,0.0
15.57,73.79,145.0,0,4,0.0
15.57,73.82,80.0,0,3,0.0
15.57,73.83,117.5,0,2,0.0
15.57,73.84,85.33333333333333,0,3,0.0
15.57,73.9,136.42857142857142,0,7,0.0
15.57,73.91,140.0,0,3,0.0
15.58,73.75,92.5,0,2,0.0
15.58,73.77,106.0,0,7,0.0
15.58,73.78,121.0,0,5,0.0
15.58,73.79,118.33333333333333,0,3,0.0
15.58,73.8,105.0,0,1,0.0
15.58,73.83,101.66666666666667,0,3,0.0
15.58,73.84,110.0,0,3,0.0
15.58,73.85,128.33333333333334,0,3,0.0
15.58,73.91,130.0,0,5,0.0
15.58,73.92,187.5,1,2,50.0
15.59,73.76,73.25,0,4,0.0
15.59,73.77,73.33333333333333,0,3,0.0
15.59,73.78,121.42857142857143,0,7,0.0
15.59,73.79,121.25,0,8,0.0
15.59,73.8,84.25,0,4,0.0
15.59,73.81,121.25,0,4,0.0
15.59,73.84,138.75,0,4,0.0
15.59,73.85,141.66666666666666,0,3,0.0
15.59,73.86,141.66666666666666,0,3,0.0
15.59,73.92,130.85714285714286,0,7,0.0
15.6,73.75,95.0,0,2,0.0
15.6,73.77,148.33333333333334,0,3,0.0
15.6,73.78,111.25,0,4,0.0
15.6,73.79,117.14285714285714,0,7,0.0
15.6,73.8,94.28571428571429,0,7,0.0
15.6,73.81,85.0,0,2,0.0
15.6,73.82,141.25,1,4,25.0
15.6,73.85,171.25,1,4,25.0
15.6,73.86,120.0,0,2,0.0
15.6,73.87,181.66666666666666,2,3,66.66666666666666
15.6,73.94,111.0,0,3,0.0
15.61,73.76,90.0,0,3,0.0
15.61,73.78,137.5,0,2,0.0
15.61,73.79,115.0,0,2,0.0
15.61,73.8,129.16666666666666,0,6,0.0
15.61,73.81,138.33333333333334,0,6,0.0
15.61,73.82,140.0,0,4,0.0
15.61,73.83,181.66666666666666,1,3,33.33333333333333
15.61,73.86,130.0,0,2,0.0
15.61,73.94,135.0,1,7,14.285714285714285
15.62,73.77,141.25,0,4,0.0
15.62,73.79,115.0,0,3,0.0
15.62,73.8,117.5,0,4,0.0
15.62,73.81,80.83333333333333,0,6,0.0
15.62,73.82,147.5,0,6,0.0
15.62,73.83,111.66666666666667,0,3,0.0
15.62,73.84,145.0,0,3,0.0
15.62,73.88,192.5,1,2,50.0
15.62,73.89,143.33333333333334,0,3,0.0
15.62,73.96,200.0,0,1,0.0
15.63,73.78,145.0,0,4,0.0
15.63,73.8,131.25,0,4,0.0
15.63,73.81,97.5,0,4,0.0
15.63,73.82,137.5,0,4,0.0
15.63,73.83,138.75,0,4,0.0
15.63,73.84,131.66666666666666,0,3,0.0
15.63,73.85,107.0,0,4,0.0
15.63,73.88,70.0,0,2,0.0
15.63,73.96,111.0,0,6,0.0
15.64,73.79,127.5,0,4,0.0
15.64,73.81,111.5,0,4,0.0
15.64,73.82,128.33333333333334,0,3,0.0
15.64,73.83,132.14285714285714,0,7,0.0
15.64,73.84,137.33333333333334,0,6,0.0
15.64,73.85,150.0,0,1,0.0
15.64,73.9,110.0,0,2,0.0
15.64,73.91,176.66666666666666,0,3,0.0
15.65,73.8,137.5,0,2,0.0
15.65,73.82,143.75,0,4,0.0
15.65,73.83,97.5,0,2,0.0
15.65,73.84,170.71428571428572,1,7,14.285714285714285
15.65,73.85,170.83333333333334,0,6,0.0
15.65,73.87,77.5,0,2,0.0
15.65,73.9,143.33333333333334,0,3,0.0
15.66,73.81,161.25,1,4,25.0
15.66,73.83,135.0,1,3,33.33333333333333
15.66,73.84,170.0,1,3,33.33333333333333
15.66,73.86,170.0,0,2,0.0
15.66,73.87,142.5,0,2,0.0
15.67,73.82,146.66666666666666,0,3,0.0
15.67,73.85,195.0,0,1,0.0
15.67,73.86,140.0,0,5,0.0
15.67,73.87,115.0,0,2,0.0
15.67,73.89,87.33333333333333,0,3,0.0
15.68,73.83,145.0,0,3,0.0
15.68,73.85,153.75,0,4,0.0
15.68,73.88,166.66666666666666,0,3,0.0
15.68,73.89,115.0,0,3,0.0
15.69,73.87,106.5,0,4,0.0
15.69,73.88,145.0,0,7,0.0
15.69,73.89,62.666666666666664,0,3,0.0
15.7,73.85,147.5,0,2,0.0
15.7,73.87,114.75,0,4,0.0
15.7,73.9,82.5,0,2,0.0
15.71,73.89,210.0,0,3,0.0
15.72,73.87,195.0,0,2,0.0
17.42,78.34,116.25,0,12,0.0
17.42,78.45,117.85714285714286,0,14,0.0
17.42,78.46,99.0,0,16,0.0
17.43,78.35,109.33333333333333,0,15,0.0
17.43,78.36,98.91666666666667,0,12,0.0
17.43,78.46,104.35714285714286,0,28,0.0
17.43,78.47,102.14285714285714,1,14,7.142857142857142
17.44,78.36,112.42857142857143,0,14,0.0
17.44,78.37,97.07692307692308,0,13,0.0
17.44,78.4,115.16666666666667,0,30,0.0
17.44,78.41,93.96428571428571,0,28,0.0
17.44,78.42,100.11538461538461,1,26,3.8461538461538463
17.44,78.43,104.875,1,16,6.25
17.44,78.47,94.75862068965517,2,29,6.896551724137931
17.44,78.48,113.33333333333333,0,15,0.0
17.45,78.37,122.07142857142857,0,14,0.0
17.45,78.38,108.81818181818181,0,11,0.0
17.45,78.4,99.76923076923077,1,13,7.6923076923076925
17.45,78.41,97.31111111111112,1,45,2.2222222222222223
17.45,78.42,104.14285714285714,0,28,0.0
17.45,78.43,97.81481481481481,0,27,0.0
17.45,78.44,96.76470588235294,0,17,0.0
17.45,78.48,138.06666666666666,2,30,6.666666666666667
17.45,78.49,128.66666666666666,0,15,0.0
17.46,78.38,102.92857142857143,0,14,0.0
17.46,78.39,114.26923076923077,1,26,3.8461538461538463
17.46,78.4,103.73333333333333,1,15,6.666666666666667
17.46,78.41,110.9090909090909,0,11,0.0
17.46,78.42,109.86842105263158,1,38,2.631578947368421
17.46,78.43,116.62962962962963,0,27,0.0
17.46,78.44,119.1304347826087,0,23,0.0
17.46,78.45,113.92857142857143,1,14,7.142857142857142
17.46,78.49,106.1304347826087,0,23,0.0
17.46,78.5,110.45454545454545,0,11,0.0
17.47,78.38,123.33333333333333,0,12,0.0
17.47,78.39,112.3225806451613,0,31,0.0
17.47,78.4,99.34375,0,32,0.0
17.47,78.41,85.57142857142857,0,14,0.0
17.47,78.42,117.08333333333333,1,12,8.333333333333332
17.47,78.43,114.02272727272727,2,44,4.545454545454546
17.47,78.44,114.53846153846153,0,26,0.0
17.47,78.45,116.22222222222223,0,27,0.0
17.47,78.46,130.35714285714286,1,14,7.142857142857142
17.47,78.5,112.11111111111111,1,27,3.7037037037037033
17.47,78.51,106.60714285714286,0,28,0.0
17.48,78.39,114.0909090909091,1,11,9.090909090909092
17.48,78.4,122.8076923076923,2,26,7.6923076923076925
17.48,78.41,114.88,1,25,4.0
17.48,78.42,116.5,1,12,8.333333333333332
17.48,78.43,111.75,0,12,0.0
17.48,78.44,110.07692307692308,1,39,2.564102564102564
17.48,78.45,114.03571428571429,0,28,0.0
17.48,78.46,116.33333333333333,2,27,7.4074074074074066
17.48,78.47,102.11764705882354,1,17,5.88235294117647
17.48,78.51,136.06666666666666,4,30,13.333333333333334
17.48,78.52,122.86206896551724,0,29,0.0
17.49,78.4,105.93333333333334,0,15,0.0
17.49,78.41,135.66666666666666,5,30,16.666666666666664
17.49,78.42,139.46153846153845,2,26,7.6923076923076925
17.49,78.43,135.0,1,14,7.142857142857142
17.49,78.44,138.75,1,16,6.25
17.49,78.45,114.95238095238095,0,42,0.0
17.49,78.46,110.82142857142857,0,28,0.0
17.49,78.47,117.43333333333334,0,30,0.0
17.49,78.48,117.4375,0,16,0.0
17.49,78.52,128.03225806451613,2,31,6.451612903225806
17.49,78.53,125.37931034482759,4,29,13.793103448275861
17.49,78.56,82.3076923076923,0,13,0.0
17.5,78.41,134.0625,1,16,6.25
17.5,78.42,127.5,2,26,7.6923076923076925
17.5,78.43,132.22222222222223,1,27,3.7037037037037033
17.5,78.44,102.06666666666666,0,15,0.0
17.5,78.45,123.75,1,16,6.25
17.5,78.46,142.2325581395349,3,43,6.976744186046512
17.5,78.47,124.62962962962963,1,27,3.7037037037037033
17.5,78.48,145.59259259259258,2,27,7.4074074074074066
17.5,78.49,135.9375,1,16,6.25
17.5,78.53,153.83870967741936,7,31,22.58064516129032
17.5,78.54,139.10714285714286,2,28,7.142857142857142
17.5,78.57,77.66666666666667,0,15,0.0
17.51,78.42,125.07142857142857,0,14,0.0
17.51,78.43,92.75,0,16,0.0
17.51,78.44,150.2173913043478,1,23,4.3478260869565215
17.51,78.45,93.53846153846153,0,13,0.0
17.51,78.46,151.42857142857142,2,14,14.285714285714285
17.51,78.47,129.36363636363637,0,44,0.0
17.51,78.48,162.06666666666666,2,30,6.666666666666667
17.51,78.49,126.33333333333333,0,30,0.0
17.51,78.5,127.38461538461539,0,13,0.0
17.51,78.54,153.46153846153845,1,13,7.6923076923076925
17.51,78.55,96.46153846153847,0,13,0.0
17.51,78.58,123.78571428571429,0,14,0.0
17.52,78.43,114.21428571428571,0,14,0.0
17.52,78.44,117.21428571428571,1,28,3.571428571428571
17.52,78.45,178.57142857142858,3,14,21.428571428571427
17.52,78.46,136.06666666666666,1,15,6.666666666666667
17.52,78.47,155.4,2,10,20.0
17.52,78.48,128.06382978723406,4,47,8.51063829787234
17.52,78.49,141.5483870967742,4,31,12.903225806451612
17.52,78.5,140.21428571428572,2,28,7.142857142857142
17.52,78.51,133.92857142857142,2,14,14.285714285714285
17.52,78.55,121.5,2,12,16.666666666666664
17.52,78.56,122.96428571428571,0,28,0.0
17.52,78.59,125.46666666666667,0,15,0.0
17.53,78.44,129.875,2,16,12.5
17.53,78.45,172.69230769230768,2,13,15.384615384615385
17.53,78.46,110.73076923076923,1,26,3.8461538461538463
17.53,78.47,145.45454545454547,1,11,9.090909090909092
17.53,78.48,145.05882352941177,1,17,5.88235294117647
17.53,78.49,125.76923076923077,0,13,0.0
17.53,78.56,119.9375,1,16,6.25
17.53,78.57,132.30769230769232,0,13,0.0
17.53,78.6,119.61538461538461,1,13,7.6923076923076925
17.54,78.45,135.14285714285714,2,14,14.285714285714285
17.54,78.46,139.83870967741936,1,31,3.225806451612903
17.54,78.47,161.875,2,16,12.5
17.54,78.48,166.33333333333334,2,15,13.333333333333334
17.54,78.5,139.03703703703704,5,27,18.51851851851852
17.54,78.51,140.28125,5,32,15.625
17.54,78.52,144.28,3,25,12.0
17.54,78.53,135.66666666666666,0,15,0.0
17.54,78.57,137.66666666666666,1,15,6.666666666666667
17.54,78.58,118.8,0,25,0.0
17.54,78.61,128.1818181818182,0,11,0.0
17.55,78.46,148.46153846153845,1,13,7.6923076923076925
17.55,78.47,149.0,2,15,13.333333333333334
17.55,78.48,131.86666666666667,4,15,26.666666666666668
17.55,78.5,155.41666666666666,1,12,8.333333333333332
17.55,78.51,137.72727272727272,2,11,18.181818181818183
17.55,78.58,151.875,0,8,0.0
17.55,78.59,137.28571428571428,0,14,0.0
17.55,78.62,181.15384615384616,4,13,30.76923076923077
17.56,78.49,100.46153846153847,0,13,0.0
17.56,78.5,145.72727272727272,0,11,0.0
17.56,78.52,140.1851851851852,2,27,7.4074074074074066
17.56,78.53,135.04,1,25,4.0
17.56,78.54,143.66666666666666,2,24,8.333333333333332
17.56,78.55,160.76923076923077,1,13,7.6923076923076925
17.56,78.63,175.45454545454547,4,11,36.36363636363637
17.57,78.48,154.71428571428572,2,14,14.285714285714285
17.57,78.49,151.15384615384616,0,13,0.0
17.57,78.52,132.9090909090909,0,11,0.0
17.57,78.53,144.52941176470588,2,17,11.76470588235294
17.57,78.61,142.35294117647058,1,17,5.88235294117647
17.57,78.64,125.25,0,12,0.0
17.58,78.51,131.07142857142858,0,14,0.0
17.58,78.52,140.28571428571428,1,14,7.142857142857142
17.59,78.5,136.64285714285714,2,14,14.285714285714285
17.59,78.51,135.71428571428572,1,14,7.142857142857142
17.59,78.63,157.91666666666666,1,12,8.333333333333332
17.59,78.66,158.3125,2,16,12.5
17.61,78.68,161.53846153846155,2,13,15.384615384615385
18.52,73.85,103.84615384615384,0,13,0.0
18.53,73.84,101.53846153846153,0,13,0.0
18.53,73.85,102.5,0,14,0.0
18.53,73.86,118.63636363636364,0,11,0.0
18.54,73.84,91.6,0,15,0.0
18.54,73.85,108.5,0,10,0.0
18.54,73.86,88.33333333333333,0,15,0.0
18.54,73.87,102.3076923076923,0,13,0.0
18.54,73.91,95.1923076923077,0,26,0.0
18.55,73.84,98.0,0,12,0.0
18.55,73.85,98.8,0,15,0.0
18.55,73.86,130.45454545454547,0,11,0.0
18.55,73.87,114.28571428571429,0,14,0.0
18.55,73.88,107.3076923076923,0,13,0.0
18.55,73.91,108.8,0,30,0.0
18.55,73.92,90.46511627906976,0,43,0.0
18.56,73.81,113.95833333333333,1,24,4.166666666666666
18.56,73.85,102.5,1,14,7.142857142857142
18.56,73.86,116.15384615384616,1,13,7.6923076923076925
18.56,73.87,122.5,1,12,8.333333333333332
18.56,73.88,132.6,0,15,0.0
18.56,73.89,121.61538461538461,0,13,0.0
18.56,73.91,105.8695652173913,1,23,4.3478260869565215
18.56,73.92,111.91176470588235,0,34,0.0
18.56,73.93,108.3953488372093,1,43,2.3255813953488373
18.57,73.82,95.65217391304348,0,23,0.0
18.57,73.86,119.70588235294117,0,17,0.0
18.57,73.87,122.15384615384616,0,13,0.0
18.57,73.88,128.46153846153845,1,13,7.6923076923076925
18.57,73.89,110.81818181818181,0,11,0.0
18.57,73.9,124.41176470588235,1,17,5.88235294117647
18.57,73.92,87.84375,0,32,0.0
18.57,73.93,100.10714285714286,0,56,0.0
18.57,73.94,125.94594594594595,1,37,2.7027027027027026
18.58,73.78,98.52941176470588,1,17,5.88235294117647
18.58,73.83,112.65517241379311,0,29,0.0
18.58,73.87,122.46666666666667,2,15,13.333333333333334
18.58,73.88,128.07692307692307,0,13,0.0
18.58,73.89,116.3,0,10,0.0
18.58,73.9,135.33333333333334,2,15,13.333333333333334
18.58,73.91,133.88888888888889,0,9,0.0
18.58,73.93,111.37931034482759,0,29,0.0
18.58,73.94,106.0925925925926,0,54,0.0
18.58,73.95,108.07142857142857,1,42,2.380952380952381
18.59,73.79,108.53846153846153,0,13,0.0
18.59,73.84,100.1923076923077,0,26,0.0
18.59,73.88,88.9375,0,16,0.0
18.59,73.89,116.15384615384616,0,13,0.0
18.59,73.9,151.3,1,10,10.0
18.59,73.91,164.58333333333334,2,12,16.666666666666664
18.59,73.92,160.3846153846154,2,13,15.384615384615385
18.59,73.94,112.70833333333333,0,24,0.0
18.59,73.95,115.04166666666667,0,48,0.0
18.59,73.96,108.16666666666667,2,48,4.166666666666666
18.6,73.78,98.92857142857143,1,14,7.142857142857142
18.6,73.8,112.24137931034483,0,29,0.0
18.6,73.85,126.37037037037037,2,27,7.4074074074074066
18.6,73.89,88.0,0,11,0.0
18.6,73.9,134.8235294117647,1,17,5.88235294117647
18.6,73.91,123.42857142857143,0,14,0.0
18.6,73.92,154.25,2,12,16.666666666666664
18.6,73.93,156.66666666666666,0,12,0.0
18.6,73.95,118.83333333333333,0,30,0.0
18.6,73.96,114.6896551724138,1,58,1.7241379310344827
18.6,73.97,134.8048780487805,3,41,7.317073170731707
18.61,73.79,119.64285714285714,0,14,0.0
18.61,73.81,121.60714285714286,1,28,3.571428571428571
18.61,73.86,106.64,0,25,0.0
18.61,73.9,108.61538461538461,0,13,0.0
18.61,73.91,139.6153846153846,3,13,23.076923076923077
18.61,73.92,143.84615384615384,2,13,15.384615384615385
18.61,73.93,124.76923076923077,1,13,7.6923076923076925
18.61,73.96,98.875,0,24,0.0
18.61,73.97,124.37288135593221,2,59,3.389830508474576
18.61,73.98,146.21951219512195,4,41,9.75609756097561
18.62,73.8,133.92857142857142,0,14,0.0
18.62,73.82,113.85714285714286,0,28,0.0
18.62,73.87,125.34615384615384,1,26,3.8461538461538463
18.62,73.91,153.63636363636363,1,11,9.090909090909092
18.62,73.92,150.0,1,12,8.333333333333332
18.62,73.95,119.08333333333333,1,12,8.333333333333332
18.62,73.97,123.66666666666667,3,27,11.11111111111111
18.62,73.98,139.89583333333334,2,48,4.166666666666666
18.62,73.99,144.88888888888889,5,45,11.11111111111111
18.63,73.81,124.0,0,10,0.0
18.63,73.83,117.25,2,28,7.142857142857142
18.63,73.88,136.6206896551724,3,29,10.344827586206897
18.63,73.92,142.66666666666666,1,12,8.333333333333332
18.63,73.94,145.46153846153845,1,13,7.6923076923076925
18.63,73.95,182.30769230769232,3,13,23.076923076923077
18.63,73.98,124.84848484848484,3,33,9.090909090909092
18.63,73.99,148.05882352941177,7,51,13.725490196078432
18.63,74.0,155.0,3,14,21.428571428571427
18.64,73.82,120.0,0,13,0.0
18.64,73.84,118.71875,1,32,3.125
18.64,73.89,142.07142857142858,2,28,7.142857142857142
18.64,73.94,124.42857142857143,0,14,0.0
18.64,73.97,136.28571428571428,1,14,7.142857142857142
18.64,73.99,139.56,3,25,12.0
18.64,74.0,146.125,3,32,9.375
18.64,74.01,138.9375,2,32,6.25
18.65,73.76,97.57142857142857,1,14,7.142857142857142
18.65,73.83,129.0,0,15,0.0
18.65,73.85,125.03571428571429,1,28,3.571428571428571
18.65,73.94,124.46153846153847,0,13,0.0
18.65,73.96,168.75,3,16,18.75
18.65,73.97,139.64285714285714,0,14,0.0
18.65,74.01,156.10204081632654,4,49,8.16326530612245
18.65,74.02,99.6,0,10,0.0
18.66,73.77,99.58333333333333,0,12,0.0
18.66,73.84,132.66666666666666,1,15,6.666666666666667
18.66,73.86,136.82142857142858,3,28,10.714285714285714
18.66,73.91,148.11111111111111,5,27,18.51851851851852
18.66,73.96,147.0,3,15,20.0
18.66,74.01,134.41935483870967,3,31,9.67741935483871
18.66,74.03,142.64,2,25,8.0
18.67,73.78,134.58333333333334,1,12,8.333333333333332
18.67,73.85,166.875,1,16,6.25
18.67,73.87,136.21428571428572,0,14,0.0
18.67,73.96,147.0,0,11,0.0
18.67,74.03,142.8490566037736,4,53,7.547169811320755
18.67,74.04,115.45454545454545,0,11,0.0
18.68,73.79,104.28571428571429,0,14,0.0
18.68,73.86,152.33333333333334,3,15,20.0
18.68,73.88,161.2,1,30,3.3333333333333335
18.68,73.93,134.71428571428572,3,28,10.714285714285714
18.68,74.03,126.91666666666667,3,24,12.5
18.69,73.8,99.41666666666667,0,12,0.0
18.69,74.05,144.60714285714286,3,28,10.714285714285714
18.7,73.81,101.63636363636364,0,11,0.0
18.7,73.88,143.42857142857142,1,14,7.142857142857142
18.7,73.9,138.3793103448276,3,29,10.344827586206897
18.71,73.82,144.2,1,15,6.666666666666667
18.72,73.83,146.0,2,15,13.333333333333334
18.72,73.9,148.07692307692307,0,13,0.0
18.72,73.92,153.33333333333334,2,15,13.333333333333334
18.73,73.84,138.63636363636363,1,11,9.090909090909092
18.75,73.86,131.23076923076923,0,13,0.0
18.77,73.88,151.46666666666667,1,15,6.666666666666667
18.94,72.84,97.78571428571429,1,14,7.142857142857142
18.95,72.85,93.33333333333333,1,18,5.555555555555555
18.96,72.86,103.23076923076923,0,13,0.0
18.97,72.87,134.0,1,14,7.142857142857142
18.98,72.88,105.41666666666667,0,12,0.0
18.99,72.89,114.63636363636364,0,11,0.0
19.0,72.84,95.23076923076923,0,26,0.0
19.0,72.9,132.94117647058823,2,17,11.76470588235294
19.01,72.84,101.2,0,15,0.0
19.01,72.85,102.07692307692308,0,26,0.0
19.01,72.91,150.07692307692307,0,13,0.0
19.02,72.85,101.875,0,16,0.0
19.02,72.86,126.37931034482759,1,29,3.4482758620689653
19.02,72.92,154.41176470588235,1,17,5.88235294117647
19.03,72.86,119.06666666666666,0,15,0.0
19.03,72.87,117.85714285714286,1,28,3.571428571428571
19.04,72.87,124.07692307692308,1,13,7.6923076923076925
19.04,72.88,113.96551724137932,0,29,0.0
19.04,72.94,160.41666666666666,2,12,16.666666666666664
19.05,72.88,128.75,0,8,0.0
19.05,72.89,95.93333333333334,0,30,0.0
19.06,72.89,121.78571428571429,0,14,0.0
19.06,72.9,129.66666666666666,3,27,11.11111111111111
19.06,72.96,143.0,0,15,0.0
19.07,72.84,120.38461538461539,0,13,0.0
19.07,72.9,111.16666666666667,0,12,0.0
19.07,72.91,141.05,1,20,5.0
19.08,72.84,119.33333333333333,1,15,6.666666666666667
19.08,72.85,114.7,1,10,10.0
19.08,72.91,114.2,0,15,0.0
19.08,72.92,146.51612903225808,1,31,3.225806451612903
19.09,72.85,110.0,0,12,0.0
19.09,72.86,119.66666666666667,0,15,0.0
19.09,72.92,128.5625,2,16,12.5
19.1,72.84,110.0,0,15,0.0
19.1,72.86,94.23076923076923,0,13,0.0
19.1,72.87,116.13333333333334,0,15,0.0
19.1,72.94,126.48,0,25,0.0
19.11,72.85,118.375,0,16,0.0
19.11,72.86,98.52941176470588,0,17,0.0
19.11,72.87,132.72727272727272,0,11,0.0
19.11,72.88,114.66666666666667,0,15,0.0
19.11,72.94,149.64285714285714,2,14,14.285714285714285
19.12,72.84,82.5,0,16,0.0
19.12,72.86,86.5,0,10,0.0
19.12,72.87,88.75,0,12,0.0
19.12,72.88,106.85714285714286,0,14,0.0
19.12,72.89,112.66666666666667,0,15,0.0
19.12,72.96,149.3846153846154,5,26,19.230769230769234
19.13,72.85,100.35714285714286,0,14,0.0
19.13,72.87,115.0,0,10,0.0
19.13,72.88,99.54545454545455,0,11,0.0
19.13,72.89,114.3076923076923,1,13,7.6923076923076925
19.13,72.9,125.9,0,10,0.0
19.13,72.92,105.62068965517241,0,29,0.0
19.13,72.96,166.53846153846155,2,13,15.384615384615385
19.14,72.82,112.3076923076923,1,13,7.6923076923076925
19.14,72.84,101.53333333333333,0,15,0.0
19.14,72.86,115.0909090909091,2,11,18.181818181818183
19.14,72.88,117.53333333333333,0,15,0.0
19.14,72.89,88.35714285714286,0,14,0.0
19.14,72.9,153.5,2,18,11.11111111111111
19.14,72.91,156.07142857142858,1,14,7.142857142857142
19.14,72.93,93.0,0,28,0.0
19.15,72.83,86.17647058823529,0,17,0.0
19.15,72.85,101.66666666666667,0,15,0.0
19.15,72.87,145.0,1,11,9.090909090909092
19.15,72.89,110.5,0,14,0.0
19.15,72.9,120.0,1,14,7.142857142857142
19.15,72.91,124.13333333333334,0,15,0.0
19.15,72.92,135.07692307692307,1,13,7.6923076923076925
19.15,72.94,119.5,0,30,0.0
19.16,72.84,107.38461538461539,0,13,0.0
19.16,72.86,111.36363636363636,0,11,0.0
19.16,72.88,121.27272727272727,1,11,9.090909090909092
19.16,72.9,169.11764705882354,3,17,17.647058823529413
19.16,72.91,123.33333333333333,1,15,6.666666666666667
19.16,72.92,173.75,2,12,16.666666666666664
19.16,72.95,119.57142857142857,1,28,3.571428571428571
19.17,72.85,136.15384615384616,0,13,0.0
19.17,72.87,138.9375,1,16,6.25
19.17,72.89,110.58823529411765,0,17,0.0
19.17,72.91,141.53846153846155,0,13,0.0
19.17,72.92,160.0,1,10,10.0
19.17,72.94,141.0,1,10,10.0
19.17,72.96,116.24,2,25,8.0
19.18,72.86,99.72727272727273,0,11,0.0
19.18,72.88,111.66666666666667,0,15,0.0
19.18,72.9,152.5,3,14,21.428571428571427
19.18,72.92,152.33333333333334,1,15,6.666666666666667
19.18,72.93,127.08333333333333,1,12,8.333333333333332
19.18,72.94,130.83333333333334,1,12,8.333333333333332
19.18,72.97,103.73333333333333,0,30,0.0
19.19,72.84,103.85714285714286,0,14,0.0
19.19,72.85,101.96296296296296,0,27,0.0
19.19,72.87,132.8125,2,16,12.5
19.19,72.89,119.0,0,15,0.0
19.19,72.91,118.18181818181819,0,11,0.0
19.19,72.94,150.3846153846154,1,13,7.6923076923076925
19.19,72.96,140.9375,1,16,6.25
19.19,72.98,130.20833333333334,1,24,4.166666666666666
19.2,72.85,108.57142857142857,0,14,0.0
19.2,72.86,101.09677419354838,1,31,3.225806451612903
19.2,72.88,129.3125,0,16,0.0
19.2,72.9,125.25,0,16,0.0
19.2,72.92,132.41666666666666,0,12,0.0
19.2,72.94,152.33333333333334,1,15,6.666666666666667
19.2,72.96,128.75,1,12,8.333333333333332
19.2,72.99,129.28,1,25,4.0
19.21,72.86,116.42857142857143,0,14,0.0
19.21,72.87,114.96,0,25,0.0
19.21,72.89,137.33333333333334,1,15,6.666666666666667
19.21,72.91,141.76923076923077,2,13,15.384615384615385
19.21,72.96,147.72727272727272,1,11,9.090909090909092
19.21,73.0,131.64285714285714,4,28,14.285714285714285
19.22,72.87,113.0909090909091,0,11,0.0
19.22,72.88,128.13793103448276,1,29,3.4482758620689653
19.22,72.9,152.35714285714286,2,14,14.285714285714285
19.22,72.92,155.16666666666666,4,12,33.33333333333333
19.22,72.94,136.26666666666668,1,15,6.666666666666667
19.22,72.96,126.92307692307692,1,13,7.6923076923076925
19.22,72.98,106.42857142857143,0,14,0.0
19.23,72.85,92.0,0,15,0.0
19.23,72.87,118.21428571428571,0,14,0.0
19.23,72.88,130.0,0,14,0.0
19.23,72.89,104.48387096774194,0,31,0.0
19.23,72.98,99.0,0,12,0.0
19.23,72.99,92.91666666666667,0,12,0.0
19.23,73.02,133.19354838709677,3,31,9.67741935483871
19.24,72.86,105.29411764705883,0,17,0.0
19.24,72.88,101.6875,0,16,0.0
19.24,72.89,102.07142857142857,0,14,0.0
19.24,72.9,113.28,0,25,0.0
19.24,72.92,154.66666666666666,0,15,0.0
19.24,72.94,144.66666666666666,2,15,13.333333333333334
19.24,72.96,146.66666666666666,1,12,8.333333333333332
19.24,73.0,106.3529411764706,0,17,0.0
19.25,72.87,91.6,0,15,0.0
19.25,72.89,100.75,0,12,0.0
19.25,72.9,158.73333333333332,1,15,6.666666666666667
19.25,72.91,126.96551724137932,0,29,0.0
19.25,73.01,108.85714285714286,0,14,0.0
19.25,73.04,135.07407407407408,1,27,3.7037037037037033
19.26,72.86,110.0,0,16,0.0
19.26,72.88,119.0,0,10,0.0
19.26,72.9,114.85714285714286,0,14,0.0
19.26,72.91,140.0,1,15,6.666666666666667
19.26,72.92,144.75,3,28,10.714285714285714
19.26,72.94,139.66666666666666,2,15,13.333333333333334
19.26,72.96,130.41666666666666,0,12,0.0
19.26,73.02,104.71428571428571,0,14,0.0
19.27,72.87,97.64285714285714,0,14,0.0
19.27,72.89,118.125,1,16,6.25
19.27,72.91,114.5,0,16,0.0
19.27,72.92,143.07692307692307,1,13,7.6923076923076925
19.27,72.93,148.70967741935485,4,31,12.903225806451612
19.27,73.03,106.53846153846153,0,13,0.0
19.28,72.88,110.71428571428571,0,14,0.0
19.28,72.9,138.57142857142858,1,14,7.142857142857142
19.28,72.92,111.5,0,12,0.0
19.28,73.04,157.28571428571428,3,14,21.428571428571427
19.29,72.89,149.28571428571428,1,14,7.142857142857142
19.29,72.91,141.92307692307693,0,13,0.0
19.29,72.93,148.0,1,15,6.666666666666667
19.29,72.94,138.5,1,18,5.555555555555555
19.29,72.95,133.68965517241378,1,29,3.4482758620689653
19.29,73.05,124.54545454545455,0,11,0.0
19.3,72.9,113.125,0,16,0.0
19.3,72.92,151.0,2,15,13.333333333333334
19.3,72.94,159.66666666666666,3,15,20.0
19.3,73.06,130.0,0,12,0.0
19.31,72.91,121.25,0,12,0.0
19.31,72.93,124.53333333333333,2,15,13.333333333333334
19.31,72.95,148.07142857142858,2,14,14.285714285714285
19.31,72.96,133.36363636363637,0,11,0.0
19.31,72.97,148.10344827586206,4,29,13.793103448275861
19.32,72.92,135.85714285714286,0,14,0.0
19.32,73.08,141.76923076923077,0,13,0.0
19.33,72.93,125.16666666666667,0,12,0.0
19.33,72.95,165.76923076923077,1,13,7.6923076923076925
19.33,72.97,125.9375,2,16,12.5
19.34,72.94,142.72727272727272,2,11,18.181818181818183
19.34,73.1,119.70588235294117,1,17,5.88235294117647
19.35,72.97,156.07142857142858,0,14,0.0
19.35,72.99,130.66666666666666,0,15,0.0
19.36,72.96,148.63636363636363,1,11,9.090909090909092
19.38,72.98,151.1764705882353,2,17,11.76470588235294
19.88,75.33,60.0,0,1,0.0
19.88,75.36,61.666666666666664,0,3,0.0
19.88,75.37,106.66666666666667,0,3,0.0
19.88,75.38,133.75,0,4,0.0
19.89,75.33,104.70588235294117,0,17,0.0
19.89,75.34,120.0,0,3,0.0
19.89,75.35,98.75,0,4,0.0
19.89,75.36,116.0,0,3,0.0
19.89,75.37,117.77777777777777,0,9,0.0
19.89,75.38,107.0,0,9,0.0
19.89,75.39,92.5,0,4,0.0
19.9,75.33,77.5,0,2,0.0
19.9,75.34,107.9375,0,16,0.0
19.9,75.35,102.5,0,2,0.0
19.9,75.36,73.5,0,4,0.0
19.9,75.37,136.66666666666666,0,3,0.0
19.9,75.38,108.0,0,10,0.0
19.9,75.39,104.8,0,10,0.0
19.9,75.4,145.0,0,4,0.0
19.91,75.34,105.0,0,2,0.0
19.91,75.35,117.13333333333334,0,15,0.0
19.91,75.36,130.0,0,3,0.0
19.91,75.37,133.75,0,4,0.0
19.91,75.38,90.0,0,1,0.0
19.91,75.39,106.1,0,10,0.0
19.91,75.4,84.71428571428571,0,7,0.0
19.91,75.41,95.0,0,3,0.0
19.92,75.35,93.5,0,2,0.0
19.92,75.36,127.14285714285714,0,14,0.0
19.92,75.37,140.0,0,4,0.0
19.92,75.38,150.0,0,2,0.0
19.92,75.39,105.0,0,1,0.0
19.92,75.4,132.72727272727272,1,11,9.090909090909092
19.92,75.41,137.77777777777777,0,9,0.0
19.92,75.42,111.25,0,4,0.0
19.93,75.36,118.33333333333333,0,3,0.0
19.93,75.37,122.94117647058823,1,17,5.88235294117647
19.93,75.38,105.0,0,4,0.0
19.93,75.39,90.0,0,3,0.0
19.93,75.4,128.33333333333334,0,3,0.0
19.93,75.41,109.0,0,10,0.0
19.93,75.42,150.0,1,11,9.090909090909092
19.93,75.43,106.25,0,4,0.0
19.94,75.37,81.66666666666667,0,3,0.0
19.94,75.38,112.875,0,16,0.0
19.94,75.39,155.0,0,3,0.0
19.94,75.4,92.5,0,4,0.0
19.94,75.41,158.75,0,4,0.0
19.94,75.42,140.625,0,8,0.0
19.94,75.43,135.0,0,7,0.0
19.94,75.44,97.5,0,2,0.0
19.95,75.38,126.66666666666667,1,3,33.33333333333333
19.95,75.39,134.07692307692307,0,13,0.0
19.95,75.4,126.66666666666667,0,3,0.0
19.95,75.41,142.5,0,4,0.0
19.95,75.42,123.75,0,4,0.0
19.95,75.43,151.88888888888889,0,9,0.0
19.95,75.44,128.33333333333334,0,9,0.0
19.95,75.45,110.0,0,3,0.0
19.96,75.39,152.5,0,4,0.0
19.96,75.4,145.3125,1,16,6.25
19.96,75.41,122.5,0,4,0.0
19.96,75.42,125.75,0,4,0.0
19.96,75.43,75.0,0,4,0.0
19.96,75.44,151.66666666666666,0,9,0.0
19.96,75.45,162.77777777777777,2,9,22.22222222222222
19.96,75.46,232.5,2,2,100.0
19.97,75.4,165.0,0,3,0.0
19.97,75.41,156.78571428571428,3,14,21.428571428571427
19.97,75.43,155.0,0,3,0.0
19.97,75.44,117.0,0,4,0.0
19.97,75.45,131.25,0,4,0.0
19.97,75.46,181.25,1,4,25.0
19.98,75.41,143.75,0,4,0.0
19.98,75.43,80.0,0,1,0.0
19.98,75.46,162.5,0,2,0.0
19.98,75.47,171.66666666666666,0,3,0.0
19.98,75.48,130.0,0,1,0.0
19.99,75.43,172.08333333333334,2,12,16.666666666666664
19.99,75.45,161.25,0,4,0.0
19.99,75.46,103.5,0,4,0.0
19.99,75.47,95.14285714285714,1,7,14.285714285714285
19.99,75.48,136.875,0,8,0.0
20.0,75.43,161.25,0,4,0.0
20.0,75.45,106.25,0,4,0.0
20.0,75.48,125.0,0,2,0.0
20.0,75.49,128.33333333333334,0,3,0.0
20.0,75.5,130.0,0,2,0.0
20.01,75.45,168.25,2,12,16.666666666666664
20.01,75.47,145.0,0,3,0.0
20.01,75.48,160.0,0,2,0.0
20.01,75.49,157.5,0,6,0.0
20.01,75.5,128.57142857142858,0,7,0.0
20.02,75.45,105.0,0,2,0.0
21.16,72.78,98.08,0,25,0.0
21.16,72.79,98.5,1,26,3.8461538461538463
21.17,72.78,94.15517241379311,0,58,0.0
21.17,72.79,93.62962962962963,1,27,3.7037037037037033
21.17,72.8,103.33333333333333,0,27,0.0
21.18,72.79,103.69811320754717,1,53,1.8867924528301887
21.18,72.8,103.23456790123457,1,81,1.2345679012345678
21.18,72.81,102.15,0,40,0.0
21.19,72.8,111.49056603773585,0,53,0.0
21.19,72.81,104.06481481481481,0,108,0.0
21.19,72.82,99.82352941176471,0,51,0.0
21.2,72.8,99.87179487179488,0,39,0.0
21.2,72.81,113.84745762711864,1,59,1.694915254237288
21.2,72.82,115.44094488188976,2,127,1.574803149606299
21.2,72.83,111.20689655172414,0,58,0.0
21.21,72.81,96.61904761904762,0,42,0.0
21.21,72.82,107.53448275862068,1,58,1.7241379310344827
21.21,72.83,115.17241379310344,0,116,0.0
21.21,72.84,113.57894736842105,1,57,1.7543859649122806
21.22,72.82,111.89473684210526,0,38,0.0
21.22,72.83,113.44897959183673,1,49,2.0408163265306123
21.22,72.84,117.44354838709677,6,124,4.838709677419355
21.22,72.85,130.11290322580646,2,62,3.225806451612903
21.23,72.83,124.3953488372093,1,43,2.3255813953488373
21.23,72.84,138.3793103448276,5,58,8.620689655172415
21.23,72.85,112.0909090909091,3,121,2.479338842975207
21.23,72.86,136.2037037037037,1,54,1.8518518518518516
21.24,72.84,108.02083333333333,0,48,0.0
21.24,72.85,138.91228070175438,2,57,3.508771929824561
21.24,72.86,141.28,9,125,7.199999999999999
21.24,72.87,141.01754385964912,10,57,17.543859649122805
21.25,72.85,122.20930232558139,1,43,2.3255813953488373
21.25,72.86,139.71698113207546,6,53,11.320754716981133
21.25,72.87,136.19,3,100,3.0
21.25,72.88,143.88888888888889,2,27,7.4074074074074066
21.26,72.86,138.8235294117647,3,34,8.823529411764707
21.26,72.88,141.13970588235293,9,136,6.61764705882353
21.26,72.89,134.69642857142858,3,56,5.357142857142857
21.27,72.87,134.86666666666667,1,45,2.2222222222222223
21.27,72.88,138.85454545454544,4,55,7.2727272727272725
21.27,72.89,129.54545454545453,3,44,6.8181818181818175
21.27,72.9,120.0,1,16,6.25
21.28,72.88,142.6829268292683,2,41,4.878048780487805
21.28,72.9,136.41489361702128,6,94,6.382978723404255
21.28,72.91,128.4090909090909,4,44,9.090909090909092
21.29,72.9,143.0,4,52,7.6923076923076925
21.29,72.91,152.6060606060606,4,33,12.121212121212121
21.29,72.92,126.75,1,12,8.333333333333332
21.3,72.9,138.4878048780488,1,41,2.4390243902439024
21.3,72.92,146.6818181818182,4,66,6.0606060606060606
21.3,72.93,144.28571428571428,1,14,7.142857142857142
21.31,72.93,141.3125,3,32,9.375
21.31,72.94,157.85714285714286,0,14,0.0
21.32,72.92,144.8695652173913,5,46,10.869565217391305
21.32,72.94,123.33333333333333,0,12,0.0
22.32,73.17,98.71428571428571,0,28,0.0
22.32,73.18,105.07843137254902,2,102,1.9607843137254901
22.33,73.18,96.425,0,40,0.0
22.33,73.19,103.58823529411765,0,85,0.0
22.34,73.19,106.85714285714286,1,35,2.857142857142857
22.34,73.2,122.17525773195877,4,97,4.123711340206185
22.35,73.2,131.46341463414635,2,41,4.878048780487805
22.35,73.21,120.12087912087912,1,91,1.098901098901099
22.36,73.21,121.34375,1,32,3.125
22.36,73.22,113.625,3,104,2.8846153846153846
22.37,73.22,115.90243902439025,0,41,0.0
22.37,73.23,113.02173913043478,1,92,1.0869565217391304
22.38,73.23,126.25581395348837,0,43,0.0
22.38,73.24,136.32692307692307,9,104,8.653846153846153
22.39,73.24,140.90243902439025,2,41,4.878048780487805
22.39,73.25,140.55769230769232,6,104,5.769230769230769
22.4,73.25,133.97560975609755,1,41,2.4390243902439024
22.4,73.26,153.74736842105264,16,95,16.842105263157894
22.41,73.26,115.83333333333333,0,12,0.0
22.42,73.27,144.66666666666666,3,27,11.11111111111111
22.42,73.28,151.94845360824743,11,97,11.34020618556701
22.43,73.28,127.78571428571429,0,14,0.0
22.44,73.29,127.75862068965517,4,29,13.793103448275861
22.44,73.3,150.41584158415841,15,101,14.85148514851485
22.45,73.3,164.69230769230768,4,13,30.76923076923077
22.52,88.37,97.5,0,4,0.0
22.52,88.4,103.125,0,8,0.0
22.53,88.38,109.28571428571429,0,7,0.0
22.53,88.41,124.0,1,5,20.0
22.54,88.37,125.0,1,4,25.0
22.54,88.38,117.5,0,6,0.0
22.54,88.39,116.0,0,5,0.0
22.54,88.42,112.85714285714286,0,7,0.0
22.55,88.33,116.66666666666667,0,3,0.0
22.55,88.36,95.0,0,3,0.0
22.55,88.37,101.25,0,4,0.0
22.55,88.38,81.14285714285714,0,7,0.0
22.55,88.39,79.33333333333333,0,6,0.0
22.55,88.4,158.33333333333334,0,3,0.0
22.55,88.43,132.0,0,6,0.0
22.56,88.34,96.66666666666667,0,3,0.0
22.56,88.36,106.33333333333333,0,15,0.0
22.56,88.37,113.33333333333333,1,3,33.33333333333333
22.56,88.38,116.66666666666667,1,3,33.33333333333333
22.56,88.39,159.0,1,4,25.0
22.56,88.4,96.42857142857143,0,7,0.0
22.56,88.41,115.0,0,11,0.0
22.56,88.44,119.0,0,5,0.0
22.57,88.35,142.5,0,2,0.0
22.57,88.37,86.42857142857143,0,14,0.0
22.57,88.38,100.0,0,3,0.0
22.57,88.39,75.0,0,2,0.0
22.57,88.4,112.25,0,8,0.0
22.57,88.41,93.83333333333333,0,6,0.0
22.57,88.42,137.5,1,10,10.0
22.57,88.45,101.875,0,8,0.0
22.58,88.36,109.66666666666667,0,3,0.0
22.58,88.38,122.625,1,16,6.25
22.58,88.39,121.25,0,4,0.0
22.58,88.4,140.0,0,4,0.0
22.58,88.41,137.5,0,4,0.0
22.58,88.42,121.0,0,5,0.0
22.58,88.43,111.875,0,8,0.0
22.58,88.44,120.0,0,6,0.0
22.58,88.46,162.0,0,5,0.0
22.59,88.37,121.66666666666667,0,3,0.0
22.59,88.39,110.5,0,14,0.0
22.59,88.4,165.0,1,3,33.33333333333333
22.59,88.41,127.5,0,8,0.0
22.59,88.42,121.66666666666667,0,6,0.0
22.59,88.43,119.28571428571429,0,7,0.0
22.59,88.44,133.0,1,6,16.666666666666664
22.59,88.45,122.0,0,5,0.0
22.59,88.47,118.85714285714286,0,7,0.0
22.6,88.38,113.33333333333333,0,3,0.0
22.6,88.4,81.0,0,15,0.0
22.6,88.41,140.0,0,2,0.0
22.6,88.42,114.0,0,5,0.0
22.6,88.43,99.16666666666667,0,6,0.0
22.6,88.44,142.0,0,8,0.0
22.6,88.45,152.22222222222223,2,9,22.22222222222222
22.6,88.46,135.71428571428572,0,7,0.0
22.6,88.48,103.42857142857143,0,7,0.0
22.61,88.39,103.0,0,4,0.0
22.61,88.41,104.52941176470588,0,17,0.0
22.61,88.42,91.66666666666667,0,3,0.0
22.61,88.43,148.33333333333334,0,6,0.0
22.61,88.44,114.85714285714286,0,7,0.0
22.61,88.45,144.0,1,5,20.0
22.61,88.46,139.16666666666666,0,6,0.0
22.61,88.47,160.0,0,5,0.0
22.62,88.4,167.5,1,4,25.0
22.62,88.42,122.73333333333333,0,15,0.0
22.62,88.43,160.0,1,2,50.0
22.62,88.44,118.75,0,4,0.0
22.62,88.45,147.0,2,8,25.0
22.62,88.46,121.0,0,6,0.0
22.62,88.47,143.75,1,4,25.0
22.62,88.48,128.0,0,5,0.0
22.62,88.5,162.14285714285714,1,7,14.285714285714285
22.63,88.41,130.0,0,3,0.0
22.63,88.43,124.6923076923077,1,13,7.6923076923076925
22.63,88.44,191.66666666666666,1,3,33.33333333333333
22.63,88.45,174.0,0,5,0.0
22.63,88.46,140.0,0,3,0.0
22.63,88.48,169.16666666666666,1,6,16.666666666666664
22.63,88.49,119.375,0,8,0.0
22.64,88.44,121.82352941176471,1,17,5.88235294117647
22.64,88.46,100.0,0,3,0.0
22.64,88.47,132.5,0,4,0.0
22.64,88.48,132.16666666666666,1,6,16.666666666666664
22.64,88.49,173.57142857142858,1,7,14.285714285714285
22.64,88.5,153.75,1,8,12.5
22.64,88.52,155.83333333333334,0,6,0.0
22.65,88.43,105.0,0,3,0.0
22.65,88.46,155.0,0,4,0.0
22.65,88.47,140.0,0,5,0.0
22.65,88.48,152.5,1,4,25.0
22.65,88.5,181.25,1,4,25.0
22.65,88.51,170.0,1,6,16.666666666666664
22.66,75.89,92.71428571428571,0,14,0.0
22.66,88.46,126.92307692307692,0,13,0.0
22.66,88.48,133.33333333333334,0,3,0.0
22.66,88.49,195.0,0,1,0.0
22.66,88.5,135.0,0,5,0.0
22.66,88.51,180.0,0,2,0.0
22.66,88.52,139.16666666666666,0,6,0.0
22.67,75.9,98.75,0,16,0.0
22.67,88.45,137.5,0,2,0.0
22.67,88.48,105.0,0,1,0.0
22.67,88.49,127.85714285714286,1,7,14.285714285714285
22.67,88.5,147.5,0,4,0.0
22.68,75.91,113.75,0,16,0.0
22.68,88.48,140.71428571428572,2,14,14.285714285714285
22.68,88.53,170.0,1,3,33.33333333333333
22.68,88.54,137.14285714285714,0,7,0.0
22.69,75.92,112.5,0,12,0.0
22.69,88.51,128.75,0,4,0.0
22.7,75.93,105.41666666666667,0,12,0.0
22.7,88.56,105.16666666666667,0,6,0.0
22.71,75.88,103.75,0,16,0.0
22.71,75.94,115.35714285714286,1,14,7.142857142857142
22.71,88.53,167.5,1,4,25.0
22.72,75.89,124.5,0,10,0.0
22.72,75.95,149.7058823529412,2,17,11.76470588235294
22.73,75.9,102.03703703703704,0,27,0.0
22.73,75.96,131.8125,0,16,0.0
22.74,75.88,104.58333333333333,1,12,8.333333333333332
22.74,75.89,102.23333333333333,1,30,3.3333333333333335
22.74,75.9,91.28571428571429,0,14,0.0
22.74,75.91,112.8780487804878,1,41,2.4390243902439024
22.74,75.97,146.93333333333334,2,15,13.333333333333334
22.75,75.89,101.25,0,12,0.0
22.75,75.9,100.20454545454545,0,44,0.0
22.75,75.91,87.66666666666667,0,15,0.0
22.75,75.92,100.4186046511628,0,43,0.0
22.76,75.88,100.35714285714286,0,14,0.0
22.76,75.9,101.78666666666666,1,75,1.3333333333333335
22.76,75.91,101.42857142857143,0,84,0.0
22.76,75.92,124.875,0,16,0.0
22.76,75.93,115.51282051282051,2,39,5.128205128205128
22.76,75.99,138.64285714285714,2,14,14.285714285714285
22.77,75.89,88.0,0,15,0.0
22.77,75.9,106.81818181818181,0,44,0.0
22.77,75.91,106.28125,1,64,1.5625
22.77,75.92,113.3012048192771,2,83,2.4096385542168677
22.77,75.93,133.4375,3,16,18.75
22.77,75.94,127.5945945945946,4,37,10.81081081081081
22.78,75.9,118.125,0,16,0.0
22.78,75.91,107.0,1,38,2.631578947368421
22.78,75.92,108.1875,1,64,1.5625
22.78,75.93,116.17073170731707,1,82,1.2195121951219512
22.78,75.94,128.75,0,12,0.0
22.78,75.95,120.0,1,39,2.564102564102564
22.78,76.01,109.66666666666667,0,9,0.0
22.79,75.91,112.14285714285714,1,14,7.142857142857142
22.79,75.92,112.75,2,40,5.0
22.79,75.93,122.70149253731343,4,67,5.970149253731343
22.79,75.94,121.87179487179488,5,78,6.41025641025641
22.79,75.95,117.78571428571429,0,14,0.0
22.79,75.96,129.95555555555555,4,45,8.88888888888889
22.8,75.92,117.46666666666667,1,15,6.666666666666667
22.8,75.93,115.89473684210526,1,38,2.631578947368421
22.8,75.94,120.40845070422536,2,71,2.8169014084507045
22.8,75.95,120.32941176470588,4,85,4.705882352941177
22.8,75.96,143.46153846153845,0,13,0.0
22.8,75.97,135.77777777777777,2,27,7.4074074074074066
22.81,75.93,121.53846153846153,0,13,0.0
22.81,75.94,106.54347826086956,0,46,0.0
22.81,75.95,124.72463768115942,2,69,2.898550724637681
22.81,75.96,118.43589743589743,4,78,5.128205128205128
22.81,75.97,158.33333333333334,1,15,6.666666666666667
22.81,75.98,139.7674418604651,3,43,6.976744186046512
22.82,75.94,140.15384615384616,0,13,0.0
22.82,75.95,116.575,1,40,2.5
22.82,75.96,131.22222222222223,2,72,2.7777777777777777
22.82,75.97,143.58536585365854,7,82,8.536585365853659
22.82,75.98,122.3076923076923,0,13,0.0
22.82,75.99,149.375,0,16,0.0
22.83,75.95,164.375,0,16,0.0
22.83,75.96,143.1860465116279,2,43,4.651162790697675
22.83,75.97,137.08771929824562,3,57,5.263157894736842
22.83,75.98,147.31372549019608,5,51,9.803921568627452
22.83,76.0,132.5,0,26,0.0
22.84,75.96,141.15384615384616,1,13,7.6923076923076925
22.84,75.97,145.025,2,40,5.0
22.84,75.98,138.0,7,65,10.76923076923077
22.84,75.99,157.484375,7,64,10.9375
22.84,76.0,125.6923076923077,1,13,7.6923076923076925
22.84,76.01,130.4,0,15,0.0
22.85,75.98,129.4102564102564,1,39,2.564102564102564
22.85,76.0,121.73333333333333,0,15,0.0
22.85,76.02,145.14285714285714,1,14,7.142857142857142
22.86,75.98,134.875,0,16,0.0
22.86,76.0,137.0810810810811,10,74,13.513513513513514
22.86,76.01,132.12987012987014,5,77,6.493506493506493
22.86,76.02,146.875,0,16,0.0
22.86,76.03,147.8125,3,16,18.75
22.87,76.0,129.3658536585366,3,41,7.317073170731707
22.87,76.02,140.3125,0,16,0.0
22.88,76.0,140.33333333333334,2,15,13.333333333333334
22.88,76.02,146.92,5,50,10.0
22.88,76.03,138.44117647058823,1,34,2.941176470588235
22.89,76.02,147.88095238095238,5,42,11.904761904761903
23.19,77.43,110.0,0,1,0.0
23.2,77.44,103.33333333333333,0,3,0.0
23.21,77.45,126.25,0,4,0.0
23.22,77.43,86.25,0,4,0.0
23.22,77.44,45.5,0,2,0.0
23.22,77.45,136.66666666666666,0,3,0.0
23.22,77.46,86.66666666666667,0,3,0.0
23.23,77.38,133.75,0,4,0.0
23.23,77.44,123.75,0,4,0.0
23.23,77.45,106.25,0,4,0.0
23.23,77.46,155.0,0,2,0.0
23.23,77.47,115.0,0,1,0.0
23.24,77.39,111.25,0,4,0.0
23.24,77.41,95.0,0,4,0.0
23.24,77.44,105.0,0,11,0.0
23.24,77.45,112.5,0,6,0.0
23.24,77.46,116.25,0,4,0.0
23.24,77.47,103.75,0,4,0.0
23.24,77.48,145.0,0,4,0.0
23.25,77.4,130.0,0,4,0.0
23.25,77.41,92.5,0,2,0.0
23.25,77.42,80.0,0,2,0.0
23.25,77.45,89.83333333333333,0,12,0.0
23.25,77.46,121.875,0,8,0.0
23.25,77.47,100.0,0,4,0.0
23.25,77.48,105.0,0,4,0.0
23.25,77.49,125.0,0,2,0.0
23.26,77.41,155.0,0,1,0.0
23.26,77.42,70.0,0,2,0.0
23.26,77.43,161.66666666666666,0,3,0.0
23.26,77.46,111.875,0,8,0.0
23.26,77.47,128.75,0,8,0.0
23.26,77.48,111.5,0,2,0.0
23.26,77.49,140.0,0,4,0.0
23.26,77.5,110.0,0,3,0.0
23.27,77.42,123.75,0,4,0.0
23.27,77.43,100.0,0,1,0.0
23.27,77.44,141.25,0,4,0.0
23.27,77.47,112.0,0,10,0.0
23.27,77.48,145.0,0,6,0.0
23.27,77.49,108.75,0,4,0.0
23.27,77.5,106.0,0,4,0.0
23.27,77.51,99.0,0,2,0.0
23.28,77.39,107.5,0,2,0.0
23.28,77.43,118.5,0,6,0.0
23.28,77.44,113.75,0,4,0.0
23.28,77.45,91.66666666666667,0,3,0.0
23.28,77.48,108.63636363636364,0,11,0.0
23.28,77.49,110.2,0,5,0.0
23.28,77.5,175.0,0,3,0.0
23.28,77.51,99.0,0,3,0.0
23.29,77.4,95.0,0,3,0.0
23.29,77.44,108.33333333333333,0,3,0.0
23.29,77.45,108.33333333333333,0,3,0.0
23.29,77.46,136.66666666666666,0,3,0.0
23.29,77.49,95.78571428571429,0,14,0.0
23.29,77.5,125.71428571428571,0,7,0.0
23.29,77.51,101.66666666666667,0,3,0.0
23.29,77.52,175.0,0,4,0.0
23.29,77.53,105.75,0,4,0.0
23.3,77.41,150.0,0,2,0.0
23.3,77.45,130.71428571428572,1,7,14.285714285714285
23.3,77.46,72.0,0,4,0.0
23.3,77.47,117.5,0,2,0.0
23.3,77.5,129.15384615384616,0,13,0.0
23.3,77.51,110.0,1,5,20.0
23.3,77.52,135.0,0,4,0.0
23.3,77.53,125.0,0,1,0.0
23.31,77.42,140.0,0,4,0.0
23.31,77.46,120.0,0,3,0.0
23.31,77.47,137.5,0,2,0.0
23.31,77.48,165.0,0,2,0.0
23.31,77.51,161.07142857142858,1,14,7.142857142857142
23.31,77.52,235.0,2,2,100.0
23.31,77.55,131.66666666666666,0,3,0.0
23.32,77.43,90.0,0,4,0.0
23.32,77.47,138.33333333333334,0,3,0.0
23.32,77.48,191.66666666666666,2,3,66.66666666666666
23.32,77.49,113.33333333333333,0,3,0.0
23.32,77.52,137.25,0,8,0.0
23.32,77.53,128.0,1,5,20.0
23.32,77.54,215.0,2,3,66.66666666666666
23.32,77.55,168.75,0,4,0.0
23.33,77.44,105.0,0,1,0.0
23.33,77.48,147.5,0,6,0.0
23.33,77.49,207.5,1,2,50.0
23.34,77.45,142.33333333333334,1,3,33.33333333333333
23.34,77.49,158.33333333333334,1,3,33.33333333333333
23.34,77.51,153.33333333333334,1,3,33.33333333333333
23.34,77.54,146.57142857142858,2,14,14.285714285714285
23.34,77.55,161.25,3,8,37.5
23.34,77.56,175.0,1,3,33.33333333333333
23.34,77.57,125.66666666666667,0,3,0.0
23.34,85.33,105.53333333333333,0,15,0.0
23.35,77.46,143.75,0,4,0.0
23.35,77.5,164.16666666666666,2,6,33.33333333333333
23.35,77.51,150.0,0,3,0.0
23.35,85.34,103.13333333333334,0,15,0.0
23.36,77.47,225.0,1,1,100.0
23.36,77.53,150.0,1,4,25.0
23.36,77.56,142.3846153846154,1,13,7.6923076923076925
23.36,77.57,210.0,1,3,33.33333333333333
23.36,85.33,101.11111111111111,0,18,0.0
23.36,85.34,99.32432432432432,0,37,0.0
23.36,85.35,109.58333333333333,0,12,0.0
23.37,77.52,130.0,0,4,0.0
23.37,77.53,147.5,1,4,25.0
23.37,85.33,106.0,0,15,0.0
23.37,85.34,107.71014492753623,2,69,2.898550724637681
23.37,85.35,106.75555555555556,2,45,4.444444444444445
23.37,85.36,113.08333333333333,1,12,8.333333333333332
23.38,77.49,132.5,0,2,0.0
23.38,85.34,99.36666666666666,1,30,3.3333333333333335
23.38,85.35,100.26548672566372,2,113,1.7699115044247788
23.38,85.36,117.325,0,40,0.0
23.38,85.37,106.15384615384616,0,13,0.0
23.39,77.54,202.5,1,2,50.0
23.39,85.35,115.56521739130434,1,23,4.3478260869565215
23.39,85.36,108.17241379310344,3,116,2.586206896551724
23.39,85.37,133.44444444444446,4,36,11.11111111111111
23.39,85.38,112.6923076923077,0,13,0.0
23.4,77.51,128.75,0,4,0.0
23.4,85.36,114.16129032258064,0,31,0.0
23.4,85.37,119.63793103448276,3,116,2.586206896551724
23.4,85.38,123.51162790697674,1,43,2.3255813953488373
23.4,85.39,153.5,2,16,12.5
23.41,85.37,118.5625,1,32,3.125
23.41,85.38,122.68141592920354,2,113,1.7699115044247788
23.41,85.39,96.63636363636364,0,44,0.0
23.41,85.4,129.6206896551724,4,29,13.793103448275861
23.42,85.38,126.6923076923077,2,26,7.6923076923076925
23.42,85.39,114.25217391304348,4,115,3.4782608695652173
23.42,85.4,134.7,3,40,7.5
23.42,85.41,122.03703703703704,0,27,0.0
23.43,85.33,121.15384615384616,0,13,0.0
23.43,85.39,140.76666666666668,3,30,10.0
23.43,85.4,126.94545454545455,5,110,4.545454545454546
23.43,85.41,138.2,2,40,5.0
23.43,85.42,103.5,0,14,0.0
23.44,85.34,99.0625,0,16,0.0
23.44,85.4,154.5,2,24,8.333333333333332
23.44,85.41,138.33928571428572,10,112,8.928571428571429
23.44,85.42,132.8409090909091,1,44,2.272727272727273
23.44,85.43,141.93548387096774,2,31,6.451612903225806
23.45,85.35,100.46666666666667,0,15,0.0
23.45,85.41,124.46428571428571,3,28,10.714285714285714
23.45,85.42,140.10638297872342,8,94,8.51063829787234
23.45,85.44,115.07692307692308,0,13,0.0
23.46,85.36,110.41666666666667,0,12,0.0
23.46,85.42,143.11764705882354,1,17,5.88235294117647
23.46,85.43,154.35294117647058,6,51,11.76470588235294
23.46,85.44,129.17948717948718,0,39,0.0
23.46,85.45,128.03333333333333,0,30,0.0
23.47,85.37,127.85714285714286,0,14,0.0
23.47,85.43,145.66666666666666,1,12,8.333333333333332
23.47,85.44,152.1509433962264,5,53,9.433962264150944
23.47,85.46,148.21428571428572,2,14,14.285714285714285
23.48,85.38,118.21428571428571,0,14,0.0
23.48,85.44,146.75,2,16,12.5
23.48,85.45,142.45454545454547,8,55,14.545454545454545
23.48,85.46,142.0,4,40,10.0
23.48,85.47,127.5,1,16,6.25
23.49,85.39,144.21428571428572,1,14,7.142857142857142
23.49,85.45,125.42857142857143,1,14,7.142857142857142
23.49,85.46,134.58823529411765,3,51,5.88235294117647
23.49,85.48,143.76923076923077,2,13,15.384615384615385
23.5,85.4,157.0,1,10,10.0
23.5,85.46,142.92857142857142,3,14,21.428571428571427
23.5,85.47,153.73333333333332,6,45,13.333333333333334
23.51,85.41,137.86666666666667,0,15,0.0
23.51,85.5,159.27272727272728,4,11,36.36363636363637
23.53,85.43,146.8181818181818,1,11,9.090909090909092
23.53,85.52,128.35714285714286,0,14,0.0
23.55,85.45,159.30769230769232,3,13,23.076923076923077
25.45,81.87,131.25,1,4,25.0
25.46,81.84,115.0,1,20,5.0
25.46,81.85,93.27272727272727,0,11,0.0
25.46,81.88,91.66666666666667,0,3,0.0
25.47,81.84,108.0,0,4,0.0
25.47,81.85,119.81481481481481,1,27,3.7037037037037033
25.47,81.86,95.0,0,6,0.0
25.47,81.87,131.66666666666666,0,3,0.0
25.47,81.89,160.0,0,1,0.0
25.48,81.85,91.0,0,4,0.0
25.48,81.86,101.66666666666667,0,24,0.0
25.48,81.87,129.54545454545453,1,11,9.090909090909092
25.48,81.88,120.0,0,2,0.0
25.48,81.9,160.0,0,2,0.0
25.49,81.86,118.33333333333333,0,3,0.0
25.49,81.87,130.1851851851852,1,27,3.7037037037037033
25.49,81.88,135.0,0,8,0.0
25.49,81.89,97.5,0,4,0.0
25.49,81.91,155.0,0,3,0.0
25.5,81.87,153.75,0,4,0.0
25.5,81.88,111.8076923076923,0,26,0.0
25.5,81.89,141.0,1,8,12.5
25.5,81.9,113.33333333333333,0,3,0.0
25.5,81.92,128.33333333333334,0,3,0.0
25.51,81.88,103.33333333333333,0,3,0.0
25.51,81.89,104.6086956521739,0,23,0.0
25.51,81.9,111.18181818181819,1,11,9.090909090909092
25.51,81.91,112.5,0,2,0.0
25.51,81.93,220.0,1,3,33.33333333333333
25.52,81.89,125.0,0,4,0.0
25.52,81.9,127.08,2,25,8.0
25.52,81.91,150.5,2,10,20.0
25.52,81.92,142.5,0,4,0.0
25.52,81.94,108.75,0,4,0.0
25.53,81.9,148.33333333333334,0,3,0.0
25.53,81.91,138.78571428571428,2,28,7.142857142857142
25.53,81.92,125.27272727272727,1,11,9.090909090909092
25.53,81.93,117.5,0,2,0.0
25.53,81.95,142.5,0,2,0.0
25.54,81.91,165.0,1,3,33.33333333333333
25.54,81.92,146.79166666666666,3,24,12.5
25.54,81.93,151.9090909090909,2,11,18.181818181818183
25.54,81.94,151.66666666666666,0,3,0.0
25.55,81.92,190.0,1,3,33.33333333333333
25.55,81.93,138.25,0,4,0.0
25.55,81.95,166.66666666666666,1,3,33.33333333333333
25.55,81.97,102.33333333333333,1,3,33.33333333333333
25.56,81.94,136.36363636363637,2,22,9.090909090909092
25.56,81.95,159.16666666666666,2,12,16.666666666666664
25.57,81.94,117.25,0,4,0.0
25.57,81.95,165.0,0,2,0.0
25.57,81.97,195.0,0,3,0.0
25.57,81.99,147.5,0,4,0.0
25.58,81.96,126.625,2,24,8.333333333333332
25.58,81.97,135.4,0,10,0.0
25.58,82.0,118.33333333333333,0,3,0.0
25.59,81.96,126.25,0,4,0.0
25.59,81.97,133.86206896551724,1,29,3.4482758620689653
25.59,81.98,161.66666666666666,2,9,22.22222222222222
25.59,81.99,106.25,0,4,0.0
25.6,81.97,107.5,0,4,0.0
25.6,81.98,193.75,1,4,25.0
25.6,82.0,120.0,0,2,0.0
26.47,80.38,107.5,0,2,0.0
26.48,80.32,88.625,0,8,0.0
26.48,80.33,60.0,0,3,0.0
26.48,80.35,95.0,0,3,0.0
26.48,80.36,107.5,0,12,0.0
26.48,80.39,68.33333333333333,0,3,0.0
26.49,80.31,133.33333333333334,0,3,0.0
26.49,80.33,98.42857142857143,0,21,0.0
26.49,80.34,66.66666666666667,0,3,0.0
26.49,80.36,106.66666666666667,0,6,0.0
26.49,80.37,71.45454545454545,0,11,0.0
26.49,80.4,136.66666666666666,0,3,0.0
26.5,80.32,100.0,0,3,0.0
26.5,80.33,68.75,0,4,0.0
26.5,80.34,114.48148148148148,1,27,3.7037037037037033
26.5,80.35,107.5,0,2,0.0
26.5,80.37,130.0,0,4,0.0
26.5,80.38,118.18181818181819,1,11,9.090909090909092
26.5,80.41,128.33333333333334,0,3,0.0
26.51,80.33,155.0,0,3,0.0
26.51,80.34,101.66666666666667,0,3,0.0
26.51,80.35,111.0,0,25,0.0
26.51,80.36,96.66666666666667,0,3,0.0
26.51,80.38,100.5,0,6,0.0
26.51,80.39,143.92857142857142,0,14,0.0
26.51,80.42,116.66666666666667,0,3,0.0
26.52,80.34,108.33333333333333,0,3,0.0
26.52,80.36,113.78260869565217,0,23,0.0
26.52,80.37,97.5,0,2,0.0
26.52,80.39,91.57142857142857,0,7,0.0
26.52,80.4,108.33333333333333,0,15,0.0
26.52,80.43,76.0,0,2,0.0
26.53,80.35,87.5,0,4,0.0
26.53,80.36,148.33333333333334,1,3,33.33333333333333
26.53,80.37,119.16,2,25,8.0
26.53,80.38,151.25,0,4,0.0
26.53,80.4,165.0,0,5,0.0
26.53,80.41,123.33333333333333,0,12,0.0
26.53,80.44,173.75,1,4,25.0
26.54,80.36,85.0,0,2,0.0
26.54,80.37,130.0,0,3,0.0
26.54,80.38,132.69565217391303,0,23,0.0
26.54,80.39,133.75,0,4,0.0
26.54,80.41,134.28571428571428,1,7,14.285714285714285
26.54,80.42,140.9090909090909,0,11,0.0
26.54,80.45,132.5,0,2,0.0
26.55,80.37,135.0,0,3,0.0
26.55,80.38,95.0,0,2,0.0
26.55,80.39,120.47619047619048,0,21,0.0
26.55,80.4,200.0,1,2,50.0
26.55,80.42,110.375,0,8,0.0
26.55,80.43,155.36363636363637,1,11,9.090909090909092
26.55,80.46,117.5,0,4,0.0
26.56,80.38,103.33333333333333,0,3,0.0
26.56,80.39,145.0,0,3,0.0
26.56,80.4,135.4,3,25,12.0
26.56,80.41,150.0,0,3,0.0
26.56,80.43,132.5,1,6,16.666666666666664
26.56,80.44,157.22222222222223,2,9,22.22222222222222
26.57,80.39,130.0,0,2,0.0
26.57,80.4,166.66666666666666,0,3,0.0
26.57,80.41,165.83333333333334,3,18,16.666666666666664
26.57,80.44,138.75,1,4,25.0
26.57,80.48,236.66666666666666,2,3,66.66666666666666
26.58,80.41,175.0,0,3,0.0
26.58,80.42,121.42857142857143,1,7,14.285714285714285
26.58,80.43,96.66666666666667,0,3,0.0
26.58,80.45,115.0,0,2,0.0
26.58,80.46,138.46153846153845,0,13,0.0
26.59,80.41,190.0,0,3,0.0
26.59,80.43,119.3076923076923,1,13,7.6923076923076925
26.59,80.46,165.0,0,3,0.0
26.59,80.5,146.25,0,4,0.0
26.6,80.43,150.25,2,4,50.0
26.6,80.44,142.22222222222223,1,9,11.11111111111111
26.6,80.45,250.0,1,1,100.0
26.6,80.47,183.33333333333334,0,3,0.0
26.6,80.48,130.83333333333334,0,12,0.0
26.6,80.51,124.66666666666667,0,3,0.0
26.61,80.43,133.33333333333334,0,3,0.0
26.61,80.45,129.43478260869566,0,23,0.0
26.61,80.46,135.0,0,3,0.0
26.61,80.48,123.125,1,8,12.5
26.61,80.49,128.3,0,10,0.0
26.62,80.44,135.0,0,4,0.0
26.62,80.45,132.5,0,4,0.0
26.62,80.46,147.5,0,18,0.0
26.62,80.49,91.66666666666667,0,3,0.0
26.63,80.46,121.66666666666667,0,3,0.0
26.63,80.47,135.0,0,2,0.0
26.78,75.85,105.28571428571429,0,14,0.0
26.79,75.86,108.14285714285714,1,14,7.142857142857142
26.8,75.87,115.84615384615384,0,13,0.0
26.81,75.88,131.78571428571428,0,14,0.0
26.82,75.89,104.2,0,15,0.0
26.83,75.9,96.85714285714286,0,14,0.0
26.84,75.91,144.66666666666666,0,15,0.0
26.85,75.92,144.35714285714286,1,14,7.142857142857142
26.86,75.81,97.35483870967742,0,31,0.0
26.86,75.93,148.33333333333334,1,12,8.333333333333332
26.87,75.82,99.92857142857143,0,28,0.0
26.88,75.83,114.48148148148148,0,27,0.0
26.88,75.95,152.57142857142858,2,14,14.285714285714285
26.89,75.84,113.77777777777777,0,27,0.0
26.9,75.81,119.15384615384616,1,26,3.8461538461538463
26.9,75.82,98.78571428571429,0,14,0.0
26.9,75.85,103.5,0,26,0.0
26.9,75.97,169.6153846153846,3,13,23.076923076923077
26.91,75.8,98.0,0,42,0.0
26.91,75.82,110.62068965517241,1,29,3.4482758620689653
26.91,75.83,91.81818181818181,0,11,0.0
26.91,75.86,119.6774193548387,0,31,0.0
26.91,75.98,150.6,0,15,0.0
26.92,75.76,94.44444444444444,0,27,0.0
26.92,75.79,103.6923076923077,0,13,0.0
26.92,75.8,104.96296296296296,0,27,0.0
26.92,75.81,103.96,1,75,1.3333333333333335
26.92,75.82,97.72413793103448,0,29,0.0
26.92,75.83,117.17241379310344,0,29,0.0
26.92,75.84,106.23529411764706,0,17,0.0
26.92,75.87,149.7826086956522,1,23,4.3478260869565215
26.93,75.77,111.29032258064517,0,31,0.0
26.93,75.8,117.25,0,24,0.0
26.93,75.81,107.5925925925926,1,27,3.7037037037037033
26.93,75.82,110.03333333333333,0,60,0.0
26.93,75.83,95.625,0,24,0.0
26.93,75.84,110.73333333333333,0,30,0.0
26.93,75.85,138.21428571428572,1,14,7.142857142857142
26.93,75.88,144.88888888888889,2,27,7.4074074074074066
26.94,75.78,93.10344827586206,0,29,0.0
26.94,75.81,111.71428571428571,2,28,7.142857142857142
26.94,75.82,112.3,0,30,0.0
26.94,75.83,111.85135135135135,0,74,0.0
26.94,75.84,112.60714285714286,0,28,0.0
26.94,75.85,113.45161290322581,0,31,0.0
26.94,75.86,108.64285714285714,0,14,0.0
26.94,75.89,143.23076923076923,3,26,11.538461538461538
26.95,75.79,123.08333333333333,1,24,4.166666666666666
26.95,75.82,121.67857142857143,0,28,0.0
26.95,75.83,106.5,0,26,0.0
26.95,75.84,117.86666666666666,1,75,1.3333333333333335
26.95,75.85,112.39393939393939,0,33,0.0
26.95,75.86,116.44444444444444,0,27,0.0
26.95,75.87,119.63636363636364,0,11,0.0
26.96,75.8,118.03448275862068,1,29,3.4482758620689653
26.96,75.83,111.5,0,28,0.0
26.96,75.84,111.13333333333334,0,30,0.0
26.96,75.85,113.78461538461538,2,65,3.076923076923077
26.96,75.86,117.46666666666667,0,30,0.0
26.96,75.87,139.5,2,30,6.666666666666667
26.96,75.88,159.6875,3,16,18.75
26.96,75.91,144.39285714285714,3,28,10.714285714285714
26.97,75.79,98.06666666666666,0,15,0.0
26.97,75.81,124.62962962962963,1,27,3.7037037037037033
26.97,75.84,113.70833333333333,0,24,0.0
26.97,75.85,118.29166666666667,2,24,8.333333333333332
26.97,75.86,135.38709677419354,6,62,9.67741935483871
26.97,75.87,121.33333333333333,2,30,6.666666666666667
26.97,75.88,155.6,3,25,12.0
26.97,75.89,145.06666666666666,1,15,6.666666666666667
26.98,75.8,99.13333333333334,0,15,0.0
26.98,75.82,147.8695652173913,2,23,8.695652173913043
26.98,75.85,130.76923076923077,3,26,11.538461538461538
26.98,75.86,133.24,1,25,4.0
26.98,75.87,143.42857142857142,6,70,8.571428571428571
26.98,75.88,135.24,0,25,0.0
26.98,75.89,144.16,5,25,20.0
26.98,75.9,150.6,1,15,6.666666666666667
26.98,75.93,130.44444444444446,2,27,7.4074074074074066
26.99,75.81,110.9090909090909,0,11,0.0
26.99,75.83,146.0344827586207,5,29,17.24137931034483
26.99,75.86,152.89285714285714,1,28,3.571428571428571
26.99,75.87,146.2,5,30,16.666666666666664
26.99,75.88,141.93243243243242,4,74,5.405405405405405
26.99,75.89,141.72413793103448,2,29,6.896551724137931
26.99,75.94,155.08,3,25,12.0
27.0,75.82,103.72727272727273,0,11,0.0
27.0,75.84,131.0,2,27,7.4074074074074066
27.0,75.87,130.45454545454547,1,22,4.545454545454546
27.0,75.88,127.32142857142857,3,28,10.714285714285714
27.0,75.89,130.03703703703704,1,27,3.7037037037037033
27.0,75.9,134.6551724137931,0,29,0.0
27.0,75.91,142.41935483870967,2,31,6.451612903225806
27.0,75.92,129.84615384615384,1,13,7.6923076923076925
27.01,75.83,135.83333333333334,0,12,0.0
27.01,75.88,127.42857142857143,1,14,7.142857142857142
27.01,75.9,143.48717948717947,5,39,12.82051282051282
27.02,75.84,131.07142857142858,1,14,7.142857142857142
27.02,75.86,141.07692307692307,1,26,3.8461538461538463
27.02,75.89,135.4,0,15,0.0
27.02,75.9,146.33333333333334,3,30,10.0
27.02,75.91,141.27272727272728,4,33,12.121212121212121
27.02,75.92,136.52,1,25,4.0
27.02,75.93,159.58333333333334,1,24,4.166666666666666
27.02,75.94,118.0,1,12,8.333333333333332
27.03,75.85,143.69230769230768,1,13,7.6923076923076925
27.03,75.9,135.53333333333333,0,15,0.0
27.03,75.92,148.23809523809524,3,42,7.142857142857142
27.03,75.94,137.91666666666666,2,24,8.333333333333332
27.03,75.95,138.25,1,16,6.25
27.04,75.86,160.625,4,16,25.0
27.04,75.88,132.3181818181818,2,22,9.090909090909092
27.04,75.91,133.28571428571428,1,14,7.142857142857142
27.04,75.92,146.78125,2,32,6.25
27.04,75.93,147.79710144927537,5,69,7.246376811594203
27.04,75.94,146.23076923076923,1,26,3.8461538461538463
27.05,75.87,129.3846153846154,3,13,23.076923076923077
27.05,75.89,156.76,4,25,16.0
27.05,75.92,129.8148148148148,3,27,11.11111111111111
27.05,75.93,171.8,6,30,20.0
27.05,75.94,139.21875,1,32,3.125
27.05,75.95,135.35714285714286,4,28,14.285714285714285
27.06,75.93,153.21428571428572,0,14,0.0
27.07,75.89,164.28571428571428,0,14,0.0
27.09,75.91,122.53333333333333,1,15,6.666666666666667
27.1,75.92,146.33333333333334,3,15,20.0
27.17,78.02,93.75,0,4,0.0
27.17,78.04,103.33333333333333,0,3,0.0
27.17,78.05,94.0909090909091,0,11,0.0
27.17,78.06,131.25,1,8,12.5
27.17,78.07,99.28571428571429,0,7,0.0
27.18,78.03,86.875,0,8,0.0
27.18,78.05,103.33333333333333,0,3,0.0
27.18,78.06,91.0,0,13,0.0
27.18,78.07,101.42857142857143,0,7,0.0
27.18,78.08,116.66666666666667,0,6,0.0
27.19,78.04,118.58333333333333,0,12,0.0
27.19,78.06,108.33333333333333,0,3,0.0
27.19,78.07,91.9,0,10,0.0
27.19,78.08,101.25,0,8,0.0
27.19,78.09,134.16666666666666,1,6,16.666666666666664
27.2,78.05,128.1,0,10,0.0
27.2,78.07,156.66666666666666,1,3,33.33333333333333
27.2,78.08,140.7,1,10,10.0
27.2,78.09,149.0,0,5,0.0
27.2,78.1,117.85714285714286,0,7,0.0
27.21,78.01,107.5,0,2,0.0
27.21,78.02,80.0,0,1,0.0
27.21,78.06,120.625,0,8,0.0
27.21,78.08,123.75,0,4,0.0
27.21,78.09,126.92307692307692,0,13,0.0
27.21,78.1,107.0,0,5,0.0
27.21,78.11,113.14285714285714,0,7,0.0
27.22,78.02,151.66666666666666,0,3,0.0
27.22,78.03,90.0,0,3,0.0
27.22,78.07,120.45454545454545,0,11,0.0
27.22,78.09,95.0,0,4,0.0
27.22,78.1,116.85714285714286,0,14,0.0
27.22,78.11,52.5,0,6,0.0
27.22,78.12,105.0,0,7,0.0
27.23,78.03,145.0,0,2,0.0
27.23,78.04,118.75,0,4,0.0
27.23,78.08,126.0,0,8,0.0
27.23,78.1,85.33333333333333,0,3,0.0
27.23,78.11,152.76923076923077,1,13,7.6923076923076925
27.23,78.12,168.0,0,5,0.0
27.23,78.13,106.14285714285714,0,7,0.0
27.24,78.04,130.0,0,3,0.0
27.24,78.05,90.0,0,2,0.0
27.24,78.09,114.8,0,10,0.0
27.24,78.11,117.5,0,2,0.0
27.24,78.12,166.42857142857142,2,14,14.285714285714285
27.24,78.13,147.5,0,6,0.0
27.24,78.14,159.2,1,5,20.0
27.25,78.05,170.0,0,2,0.0
27.25,78.06,151.25,0,4,0.0
27.25,78.1,115.18181818181819,0,11,0.0
27.25,78.12,108.75,0,4,0.0
27.25,78.13,146.0,0,15,0.0
27.25,78.14,138.57142857142858,2,7,28.57142857142857
27.25,78.15,180.83333333333334,1,6,16.666666666666664
27.26,78.06,131.66666666666666,0,3,0.0
27.26,78.07,93.33333333333333,0,3,0.0
27.26,78.11,120.0,0,4,0.0
27.27,78.07,120.0,0,3,0.0
27.27,78.08,111.66666666666667,0,3,0.0
27.27,78.12,145.0,1,7,14.285714285714285
27.27,78.14,148.33333333333334,1,3,33.33333333333333
27.27,78.15,158.5,1,10,10.0
27.27,78.16,187.14285714285714,2,7,28.57142857142857
27.27,78.17,145.57142857142858,1,7,14.285714285714285
27.28,78.08,148.33333333333334,0,3,0.0
27.28,78.09,156.25,0,4,0.0
27.28,78.13,153.33333333333334,0,3,0.0
27.29,78.09,101.66666666666667,0,3,0.0
27.29,78.1,111.25,0,4,0.0
27.29,78.14,117.5,0,8,0.0
27.29,78.16,158.33333333333334,0,3,0.0
27.29,78.17,166.07142857142858,2,14,14.285714285714285
27.29,78.18,165.83333333333334,2,6,33.33333333333333
27.29,78.19,121.25,0,4,0.0
27.3,78.15,138.125,1,8,12.5
27.3,78.17,178.75,1,4,25.0
27.3,78.18,148.33333333333334,2,15,13.333333333333334
27.3,78.19,134.0,1,5,20.0
27.3,78.2,81.14285714285714,0,7,0.0
27.31,78.11,81.75,0,4,0.0
27.31,78.12,170.0,0,3,0.0
27.31,78.16,107.25,0,4,0.0
27.33,78.13,123.75,0,4,0.0
27.33,78.14,138.33333333333334,0,3,0.0
27.34,78.14,137.33333333333334,0,3,0.0
27.34,78.15,161.25,0,4,0.0
30.33,78.05,115.0,0,2,0.0
30.34,78.06,95.6,0,15,0.0
30.35,78.06,105.0,0,4,0.0
30.35,78.07,110.75,0,20,0.0
30.36,78.07,115.0,0,7,0.0
30.36,78.08,109.10526315789474,1,19,5.263157894736842
30.37,78.08,107.26666666666667,0,15,0.0
30.37,78.09,109.47368421052632,1,19,5.263157894736842
30.38,78.08,107.5,0,2,0.0
30.38,78.09,93.64285714285714,0,14,0.0
30.38,78.1,115.92307692307692,0,13,0.0
30.39,78.09,123.33333333333333,0,3,0.0
30.39,78.1,104.22222222222223,0,18,0.0
30.39,78.11,129.0625,2,16,12.5
30.4,78.1,130.0,0,2,0.0
30.4,78.11,101.3157894736842,0,19,0.0
30.4,78.12,133.25,2,20,10.0
30.41,78.11,131.66666666666666,0,3,0.0
30.41,78.12,122.8125,1,16,6.25
30.41,78.13,149.75,2,16,12.5
30.42,78.12,55.0,0,1,0.0
30.42,78.13,128.33333333333334,0,18,0.0
30.42,78.14,133.0,3,17,17.647058823529413
30.43,78.13,43.0,0,2,0.0
30.43,78.14,136.1764705882353,2,17,11.76470588235294
30.43,78.15,139.5,1,10,10.0
30.44,78.14,165.0,0,2,0.0
30.44,78.15,163.8,3,15,20.0
30.44,78.16,116.55555555555556,1,9,11.11111111111111
30.45,78.15,215.0,0,1,0.0
30.45,78.16,136.23529411764707,2,17,11.76470588235294
30.45,78.17,158.0,0,10,0.0
30.46,78.16,176.66666666666666,0,3,0.0
30.46,78.17,158.75,0,4,0.0
30.46,78.18,152.91666666666666,1,12,8.333333333333332
30.47,78.18,147.85714285714286,2,14,14.285714285714285
30.47,78.19,155.0,2,16,12.5
30.48,78.18,126.33333333333333,0,3,0.0
30.48,78.19,148.77777777777777,1,9,11.11111111111111
30.48,78.2,178.75,1,4,25.0
30.49,78.2,152.69230769230768,1,13,7.6923076923076925
30.5,78.2,150.0,0,2,0.0
30.5,78.21,129.76923076923077,1,13,7.6923076923076925
30.51,78.21,188.33333333333334,0,3,0.0
30.51,78.22,127.5,0,2,0.0
30.88,75.85,136.66666666666666,0,3,0.0
30.89,75.86,102.5,0,2,0.0
30.9,75.8,100.375,0,8,0.0
30.9,75.81,45.666666666666664,0,3,0.0
30.9,75.83,96.0625,0,16,0.0
30.9,75.84,122.5,0,4,0.0
30.91,75.81,118.57142857142857,0,7,0.0
30.91,75.82,110.0,0,10,0.0
30.91,75.83,100.0,0,2,0.0
30.91,75.84,100.28,0,25,0.0
30.91,75.85,67.5,0,4,0.0
30.91,75.88,140.0,0,1,0.0
30.92,75.82,101.66666666666667,0,6,0.0
30.92,75.83,88.33333333333333,0,12,0.0
30.92,75.84,95.5,0,8,0.0
30.92,75.85,111.07142857142857,0,28,0.0
30.92,75.86,75.0,0,2,0.0
30.92,75.89,135.0,0,2,0.0
30.93,75.83,158.75,0,4,0.0
30.93,75.84,96.4,0,10,0.0
30.93,75.85,99.16666666666667,0,6,0.0
30.93,75.86,103.0,0,32,0.0
30.93,75.87,145.0,0,3,0.0
30.93,75.9,118.0,1,3,33.33333333333333
30.94,75.84,89.25,0,8,0.0
30.94,75.85,135.0,0,8,0.0
30.94,75.86,108.33333333333333,0,6,0.0
30.94,75.87,108.35483870967742,1,31,3.225806451612903
30.94,75.88,160.0,0,1,0.0
30.94,75.91,72.5,0,2,0.0
30.95,75.85,131.25,0,4,0.0
30.95,75.86,118.75,0,8,0.0
30.95,75.87,123.33333333333333,0,6,0.0
30.95,75.88,114.03703703703704,0,27,0.0
30.95,75.89,150.0,1,4,25.0
30.95,75.92,120.0,0,4,0.0
30.96,75.86,123.14285714285714,0,7,0.0
30.96,75.87,136.25,0,8,0.0
30.96,75.88,126.66666666666667,0,6,0.0
30.96,75.89,121.88461538461539,1,26,3.8461538461538463
30.96,75.9,143.33333333333334,0,3,0.0
30.96,75.93,170.0,0,3,0.0
30.97,75.87,158.33333333333334,1,6,16.666666666666664
30.97,75.88,137.6,0,10,0.0
30.97,75.89,160.83333333333334,1,6,16.666666666666664
30.97,75.9,156.84848484848484,4,33,12.121212121212121
30.97,75.91,91.66666666666667,0,3,0.0
30.98,75.88,113.125,0,8,0.0
30.98,75.89,122.1,1,10,10.0
30.98,75.9,178.57142857142858,2,7,28.57142857142857
30.98,75.91,155.41666666666666,1,24,4.166666666666666
30.98,75.92,198.33333333333334,1,3,33.33333333333333
30.98,75.95,158.33333333333334,0,3,0.0
30.99,75.9,156.66666666666666,1,6,16.666666666666664
30.99,75.91,131.66666666666666,0,6,0.0
30.99,75.92,159.375,2,8,25.0
31.0,75.9,145.0,0,3,0.0
31.0,75.91,151.25,0,4,0.0
31.0,75.92,156.66666666666666,0,3,0.0
31.0,75.93,149.65,2,20,10.0
31.0,75.94,136.66666666666666,0,3,0.0
31.0,75.97,175.0,0,4,0.0
31.01,75.92,128.33333333333334,1,6,16.666666666666664
31.01,75.93,170.0,0,3,0.0
31.01,75.94,116.0,0,5,0.0
31.01,75.98,145.0,0,2,0.0
31.02,75.92,147.5,0,6,0.0
31.02,75.93,155.0,0,2,0.0
31.02,75.94,112.33333333333333,0,3,0.0
31.02,75.95,131.13636363636363,0,22,0.0
31.02,75.96,210.0,0,1,0.0
31.03,75.93,131.42857142857142,1,7,14.285714285714285
31.03,75.94,156.25,0,8,0.0
31.03,75.95,143.33333333333334,0,3,0.0
31.03,75.96,134.6551724137931,0,29,0.0
31.03,75.97,158.33333333333334,0,3,0.0
31.04,75.95,170.0,1,8,12.5
31.04,75.96,165.0,1,7,14.285714285714285
31.04,75.97,151.66666666666666,0,9,0.0
31.05,75.97,130.0,0,3,0.0
31.05,75.98,165.0,0,2,0.0
